index,FileName,batch,sample,type,sample_grid,species,pop,sample_year,plant,rundate,GCn,scented,sequence.start,Desorb.Start.Time,CreationTime,eithertime,status,Tube,markes_n,GC_n,either_n,markes_GC,create_desorb,user,FullName,id,desorb.Start.diff,rowSum,nameBlank,Mixup,kBlank,Cluster,elev_rank,population,lat,lon,elev,note,Total
10154,4011_08282019.qgd,NA,4011_08282019,floral,NA,NA,401,19,1,8282019,NA,0,2019-08-28T22:00:39Z,2019-08-29T13:19:57Z,2019-08-29T13:25:07Z,2019-08-29T13:19:57Z,Desorbed NA,15,15,NA,15,NA,310,NA,C:/GCMSsolution/Data/Project1/Campbell RMBL Data/Lupinus argenteus/4011_08282019.qgd,9be50aa8-4f31-45cb-ad34-b18d82cc8bb7,2129,273906487,FALSE,FALSE,FALSE,1,12,401,39.00822,-107.02701,3338,NA,113.86683684793351
10155,4012_08282019.qgd,NA,4012_08282019,floral,NA,NA,401,19,2,8282019,NA,0,2019-08-28T22:00:39Z,2019-08-29T13:55:34Z,2019-08-29T14:00:55Z,2019-08-29T13:55:34Z,Desorbed NA,16,16,NA,16,NA,321,NA,C:/GCMSsolution/Data/Project1/Campbell RMBL Data/Lupinus argenteus/4012_08282019.qgd,9be50aa8-4f31-45cb-ad34-b18d82cc8bb7,2137,252825341,FALSE,FALSE,FALSE,1,12,401,39.00822,-107.02701,3338,NA,121.74808158967978
10156,4013_08282019.qgd,NA,4013_08282019,floral,NA,NA,401,19,3,8282019,NA,0,2019-08-28T22:00:39Z,2019-08-29T14:31:20Z,2019-08-29T14:36:29Z,2019-08-29T14:31:20Z,Desorbed NA,17,17,NA,17,NA,309,NA,C:/GCMSsolution/Data/Project1/Campbell RMBL Data/Lupinus argenteus/4013_08282019.qgd,9be50aa8-4f31-45cb-ad34-b18d82cc8bb7,2146,275938563,FALSE,FALSE,FALSE,1,12,401,39.00822,-107.02701,3338,NA,240.0635417044792
10157,4014_08282019.qgd,NA,4014_08282019,floral,NA,NA,401,19,4,8282019,NA,1,2019-08-28T22:00:39Z,2019-08-29T15:06:49Z,2019-08-29T15:12:04Z,2019-08-29T15:06:49Z,Desorbed NA,18,18,NA,18,NA,315,NA,C:/GCMSsolution/Data/Project1/Campbell RMBL Data/Lupinus argenteus/4014_08282019.qgd,9be50aa8-4f31-45cb-ad34-b18d82cc8bb7,2129,279498344,FALSE,FALSE,FALSE,1,12,401,39.00822,-107.02701,3338,NA,72.7911890544515
10158,4015_08282019.qgd,NA,4015_08282019,floral,NA,NA,401,19,5,8282019,NA,0,2019-08-28T22:00:39Z,2019-08-29T15:42:40Z,2019-08-29T15:48:00Z,2019-08-29T15:42:40Z,Desorbed NA,19,19,NA,19,NA,320,NA,C:/GCMSsolution/Data/Project1/Campbell RMBL Data/Lupinus argenteus/4015_08282019.qgd,9be50aa8-4f31-45cb-ad34-b18d82cc8bb7,2151,280436413,FALSE,FALSE,FALSE,1,12,401,39.00822,-107.02701,3338,NA,117.15083988651608
10159,4016_08282019.qgd,NA,4016_08282019,floral,NA,NA,401,19,6,8282019,NA,1,2019-08-28T22:00:39Z,2019-08-29T16:18:31Z,2019-08-29T16:23:48Z,2019-08-29T16:18:31Z,Desorbed NA,20,20,NA,20,NA,317,NA,C:/GCMSsolution/Data/Project1/Campbell RMBL Data/Lupinus argenteus/4016_08282019.qgd,9be50aa8-4f31-45cb-ad34-b18d82cc8bb7,2151,261172480,FALSE,FALSE,FALSE,1,12,401,39.00822,-107.02701,3338,NA,31.42322729172109
10161,4017_08292019am.qgd,NA,4017_08292019am,floral,NA,NA,401,19,7,8292019,NA,1,2019-08-29T10:24:18Z,2019-08-29T17:59:37Z,2019-08-29T18:04:56Z,2019-08-29T17:59:37Z,Desorbed NA,2,2,NA,2,NA,319,NA,C:/GCMSsolution/Data/Project1/Campbell RMBL Data/Lupinus argenteus/4017_08292019am.qgd,22389d36-133d-4a55-920c-4596e17eee76,1826,242269649,FALSE,TRUE,TRUE,2,12,401,39.00822,-107.02701,3338,NA,39.3109255988048
10204,bcn1_08302019am.qgd,NA,bcn1_08302019am,floral,NA,NA,bcn,19,1,8302019,NA,1,2019-08-30T11:17:10Z,2019-08-30T20:42:20Z,2019-08-30T20:47:37Z,2019-08-30T20:42:20Z,Desorbed NA,5,5,NA,5,NA,317,NA,C:/GCMSsolution/Data/Project1/Campbell RMBL Data/Lupinus argenteus/bcn1_08302019am.qgd,4087e644-ad58-45df-88e4-b4d30f9b2cce,2202,420456762,FALSE,FALSE,FALSE,1,15,Bellview Corner,39.01218,-107.035,3433,NA,1040.397526280718
10205,bcn2_08302019am.qgd,NA,bcn2_08302019am,floral,NA,NA,bcn,19,2,8302019,NA,1,2019-08-30T11:17:10Z,2019-08-30T21:19:25Z,2019-08-30T21:24:45Z,2019-08-30T21:19:25Z,Desorbed NA,6,6,NA,6,NA,320,NA,C:/GCMSsolution/Data/Project1/Campbell RMBL Data/Lupinus argenteus/bcn2_08302019am.qgd,4087e644-ad58-45df-88e4-b4d30f9b2cce,2225,382512685,FALSE,FALSE,FALSE,1,15,Bellview Corner,39.01218,-107.035,3433,NA,989.660406396977
10206,bcn3_08302019am.qgd,NA,bcn3_08302019am,floral,NA,NA,bcn,19,3,8302019,NA,0,2019-08-30T11:17:10Z,2019-08-30T21:55:56Z,2019-08-30T22:01:07Z,2019-08-30T21:55:56Z,Desorbed NA,7,7,NA,7,NA,311,NA,C:/GCMSsolution/Data/Project1/Campbell RMBL Data/Lupinus argenteus/bcn3_08302019am.qgd,4087e644-ad58-45df-88e4-b4d30f9b2cce,2191,297340857,FALSE,FALSE,FALSE,1,15,Bellview Corner,39.01218,-107.035,3433,NA,81.47716505713727
10207,bcn4_08302019am.qgd,NA,bcn4_08302019am,floral,NA,NA,bcn,19,4,8302019,NA,1,2019-08-30T11:17:10Z,2019-08-30T22:33:05Z,2019-08-30T22:38:24Z,2019-08-30T22:33:05Z,Desorbed NA,8,8,NA,8,NA,319,NA,C:/GCMSsolution/Data/Project1/Campbell RMBL Data/Lupinus argenteus/bcn4_08302019am.qgd,4087e644-ad58-45df-88e4-b4d30f9b2cce,2229,292909505,FALSE,FALSE,FALSE,1,15,Bellview Corner,39.01218,-107.035,3433,NA,83.54882218986941
10114,BellNFlr27Aug18_08202018.qgd,NA,BellNFlr27Aug18_08202018,floral,NA,NA,BellN,18,27,8202018,NA,NA,2018-08-20T08:33:56Z,2018-08-21T01:58:55Z,2018-08-21T02:08:58Z,2018-08-21T01:58:55Z,Desorbed NA,18,18,NA,18,NA,603,NA,C:/GCMSsolution/Data/Project1/Campbell RMBL Data/Lupinus argenteus/BellNFlr27Aug18_08202018.qgd,d411aaf6-db84-426d-a90c-107814d8bc4a,2241,70567854,FALSE,FALSE,FALSE,3,9,Bellview Bench,NA,NA,3200,"north draw above BVB in 2018, merge with BVB",204.01620212336536
10113,BellNFlr29Aug18_08202018.qgd,NA,BellNFlr29Aug18_08202018,floral,NA,NA,BellN,18,29,8202018,NA,NA,2018-08-20T08:33:56Z,2018-08-21T01:21:34Z,2018-08-21T01:31:41Z,2018-08-21T01:21:34Z,Desorbed NA,17,17,NA,17,NA,607,NA,C:/GCMSsolution/Data/Project1/Campbell RMBL Data/Lupinus argenteus/BellNFlr29Aug18_08202018.qgd,d411aaf6-db84-426d-a90c-107814d8bc4a,2244,74297839,FALSE,FALSE,FALSE,3,9,Bellview Bench,NA,NA,3200,"north draw above BVB in 2018, merge with BVB",47.0795252474138
10103,BellNFlr30Aug16_08202018.qgd,NA,BellNFlr30Aug16_08202018,floral,NA,NA,BellN,18,30,8202018,NA,NA,2018-08-20T08:33:56Z,2018-08-20T19:09:16Z,2018-08-20T19:19:19Z,2018-08-20T19:09:16Z,Desorbed NA,7,7,NA,7,NA,603,NA,C:/GCMSsolution/Data/Project1/Campbell RMBL Data/Lupinus argenteus/BellNFlr30Aug16_08202018.qgd,d411aaf6-db84-426d-a90c-107814d8bc4a,2189,120118764,FALSE,FALSE,FALSE,3,9,Bellview Bench,NA,NA,3200,"north draw above BVB in 2018, merge with BVB",323.34882396792216
10105,BellNFlr31Aug16_08202018.qgd,NA,BellNFlr31Aug16_08202018,floral,NA,NA,BellN,18,31,8202018,NA,NA,2018-08-20T08:33:56Z,2018-08-20T20:23:09Z,2018-08-20T20:33:12Z,2018-08-20T20:23:09Z,Desorbed NA,9,9,NA,9,NA,603,NA,C:/GCMSsolution/Data/Project1/Campbell RMBL Data/Lupinus argenteus/BellNFlr31Aug16_08202018.qgd,d411aaf6-db84-426d-a90c-107814d8bc4a,2226,43371296,FALSE,FALSE,FALSE,3,9,Bellview Bench,NA,NA,3200,"north draw above BVB in 2018, merge with BVB",43.61764009688614
10110,BellNFlr32Aug16_08202018.qgd,NA,BellNFlr32Aug16_08202018,floral,NA,NA,BellN,18,32,8202018,NA,NA,2018-08-20T08:33:56Z,2018-08-20T23:28:59Z,2018-08-20T23:39:02Z,2018-08-20T23:28:59Z,Desorbed NA,14,14,NA,14,NA,603,NA,C:/GCMSsolution/Data/Project1/Campbell RMBL Data/Lupinus argenteus/BellNFlr32Aug16_08202018.qgd,d411aaf6-db84-426d-a90c-107814d8bc4a,2254,134085336,FALSE,FALSE,FALSE,3,9,Bellview Bench,NA,NA,3200,"north draw above BVB in 2018, merge with BVB",152.46097721873844
10107,BellNFlr33Aug16_08202018.qgd,NA,BellNFlr33Aug16_08202018,floral,NA,NA,BellN,18,33,8202018,NA,NA,2018-08-20T08:33:56Z,2018-08-20T21:38:04Z,2018-08-20T21:47:05Z,2018-08-20T21:38:04Z,Desorbed NA,11,11,NA,11,NA,541,NA,C:/GCMSsolution/Data/Project1/Campbell RMBL Data/Lupinus argenteus/BellNFlr33Aug16_08202018.qgd,d411aaf6-db84-426d-a90c-107814d8bc4a,2251,71407237,FALSE,FALSE,FALSE,3,9,Bellview Bench,NA,NA,3200,"north draw above BVB in 2018, merge with BVB",68.15858881307796
10106,BellNFlr34Aug16_08202018.qgd,NA,BellNFlr34Aug16_08202018,floral,NA,NA,BellN,18,34,8202018,NA,NA,2018-08-20T08:33:56Z,2018-08-20T21:00:33Z,2018-08-20T21:10:26Z,2018-08-20T21:00:33Z,Desorbed NA,10,10,NA,10,NA,593,NA,C:/GCMSsolution/Data/Project1/Campbell RMBL Data/Lupinus argenteus/BellNFlr34Aug16_08202018.qgd,d411aaf6-db84-426d-a90c-107814d8bc4a,2244,62908427,FALSE,FALSE,FALSE,3,9,Bellview Bench,NA,NA,3200,"north draw above BVB in 2018, merge with BVB",29.354503903825805
10102,BellNFlr35Aug16_08202018.qgd,NA,BellNFlr35Aug16_08202018,floral,NA,NA,BellN,18,35,8202018,NA,NA,2018-08-20T08:33:56Z,2018-08-20T18:32:47Z,2018-08-20T18:42:53Z,2018-08-20T18:32:47Z,Desorbed NA,6,6,NA,6,NA,606,NA,C:/GCMSsolution/Data/Project1/Campbell RMBL Data/Lupinus argenteus/BellNFlr35Aug16_08202018.qgd,d411aaf6-db84-426d-a90c-107814d8bc4a,2167,109308775,FALSE,FALSE,FALSE,3,9,Bellview Bench,NA,NA,3200,"north draw above BVB in 2018, merge with BVB",839.1117476314513
10104,BellNFlr38Aug16_08202018.qgd,NA,BellNFlr38Aug16_08202018,floral,NA,NA,BellN,18,38,8202018,NA,NA,2018-08-20T08:33:56Z,2018-08-20T19:46:03Z,2018-08-20T19:56:07Z,2018-08-20T19:46:03Z,Desorbed NA,8,8,NA,8,NA,604,NA,C:/GCMSsolution/Data/Project1/Campbell RMBL Data/Lupinus argenteus/BellNFlr38Aug16_08202018.qgd,d411aaf6-db84-426d-a90c-107814d8bc4a,2207,91163699,FALSE,FALSE,FALSE,3,9,Bellview Bench,NA,NA,3200,"north draw above BVB in 2018, merge with BVB",110.95995945375432
10109,BellNFlr39Aug16_08202018.qgd,NA,BellNFlr39Aug16_08202018,floral,NA,NA,BellN,18,39,8202018,NA,NA,2018-08-20T08:33:56Z,2018-08-20T22:51:25Z,2018-08-20T23:01:27Z,2018-08-20T22:51:25Z,Desorbed NA,13,13,NA,13,NA,602,NA,C:/GCMSsolution/Data/Project1/Campbell RMBL Data/Lupinus argenteus/BellNFlr39Aug16_08202018.qgd,d411aaf6-db84-426d-a90c-107814d8bc4a,2238,71181434,FALSE,FALSE,FALSE,3,9,Bellview Bench,NA,NA,3200,"north draw above BVB in 2018, merge with BVB",113.57449285946758
10101,BellNFlr40Aug16_08202018.qgd,NA,BellNFlr40Aug16_08202018,floral,NA,NA,BellN,18,40,8202018,NA,NA,2018-08-20T08:33:56Z,2018-08-20T17:56:40Z,2018-08-20T18:06:44Z,2018-08-20T17:56:40Z,Desorbed NA,5,5,NA,5,NA,604,NA,C:/GCMSsolution/Data/Project1/Campbell RMBL Data/Lupinus argenteus/BellNFlr40Aug16_08202018.qgd,d411aaf6-db84-426d-a90c-107814d8bc4a,2154,83207532,FALSE,FALSE,FALSE,3,9,Bellview Bench,NA,NA,3200,"north draw above BVB in 2018, merge with BVB",98.71888455586016
10108,BellNFlr42Aug16_08202018.qgd,NA,BellNFlr42Aug16_08202018,floral,NA,NA,BellN,18,42,8202018,NA,NA,2018-08-20T08:33:56Z,2018-08-20T22:14:07Z,2018-08-20T22:24:10Z,2018-08-20T22:14:07Z,Desorbed NA,12,12,NA,12,NA,603,NA,C:/GCMSsolution/Data/Project1/Campbell RMBL Data/Lupinus argenteus/BellNFlr42Aug16_08202018.qgd,d411aaf6-db84-426d-a90c-107814d8bc4a,2163,60811245,FALSE,FALSE,FALSE,3,9,Bellview Bench,NA,NA,3200,"north draw above BVB in 2018, merge with BVB",67.4949761544518
10115,BellNFlr44Aug18_08202018.qgd,NA,BellNFlr44Aug18_08202018,floral,NA,NA,BellN,18,44,8202018,NA,NA,2018-08-20T08:33:56Z,2018-08-21T02:36:02Z,2018-08-21T02:45:58Z,2018-08-21T02:36:02Z,Desorbed NA,19,19,NA,19,NA,596,NA,C:/GCMSsolution/Data/Project1/Campbell RMBL Data/Lupinus argenteus/BellNFlr44Aug18_08202018.qgd,d411aaf6-db84-426d-a90c-107814d8bc4a,2227,100185167,FALSE,FALSE,FALSE,3,9,Bellview Bench,NA,NA,3200,"north draw above BVB in 2018, merge with BVB",73.66002482839068
10117,BellNFlr45Aug18retry_08212018.qgd,NA,BellNFlr45Aug18retry_08212018,floral,NA,NA,BellN,18,45,8212018,NA,NA,2018-08-21T16:05:06Z,2018-08-21T23:39:15Z,2018-08-21T23:49:24Z,2018-08-21T23:39:15Z,Desorbed NA,2,2,NA,2,NA,609,NA,C:/GCMSsolution/Data/Project1/Campbell RMBL Data/Lupinus argenteus/BellNFlr45Aug18retry_08212018.qgd,2e43b46b-71c5-4665-8059-da737c3a4a10,1825,118894078,FALSE,FALSE,FALSE,3,9,Bellview Bench,NA,NA,3200,"north draw above BVB in 2018, merge with BVB",203.04857970619187
10118,BellNFlr46Aug18_08212018.qgd,NA,BellNFlr46Aug18_08212018,floral,NA,NA,BellN,18,46,8212018,NA,NA,2018-08-21T16:05:06Z,2018-08-22T00:15:17Z,2018-08-22T00:25:28Z,2018-08-22T00:15:17Z,Desorbed NA,3,3,NA,3,NA,611,NA,C:/GCMSsolution/Data/Project1/Campbell RMBL Data/Lupinus argenteus/BellNFlr46Aug18_08212018.qgd,2e43b46b-71c5-4665-8059-da737c3a4a10,2162,90780177,FALSE,FALSE,FALSE,3,9,Bellview Bench,NA,NA,3200,"north draw above BVB in 2018, merge with BVB",41.02893992797506
10119,BellNFlr48Aug18_08212018.qgd,NA,BellNFlr48Aug18_08212018,floral,NA,NA,BellN,18,48,8212018,NA,NA,2018-08-21T16:05:06Z,2018-08-22T00:51:25Z,2018-08-22T01:01:27Z,2018-08-22T00:51:25Z,Desorbed NA,4,4,NA,4,NA,602,NA,C:/GCMSsolution/Data/Project1/Campbell RMBL Data/Lupinus argenteus/BellNFlr48Aug18_08212018.qgd,2e43b46b-71c5-4665-8059-da737c3a4a10,2168,86904735,FALSE,FALSE,FALSE,3,9,Bellview Bench,NA,NA,3200,"north draw above BVB in 2018, merge with BVB",40.875994506346025
10137,BVB1_08282019.qgd,NA,BVB1_08282019,floral,NA,NA,bvb,19,1,8282019,NA,0,2019-08-28T15:36:06Z,2019-08-29T01:41:26Z,2019-08-29T01:46:45Z,2019-08-29T01:41:26Z,Desorbed NA,17,6,NA,6,NA,319,NA,C:/GCMSsolution/Data/Project1/Campbell RMBL Data/Lupinus argenteus/BVB1_08282019.qgd,ebaecfe7-7059-4c39-bc8f-785c21c6bbde,2239,278598109,FALSE,FALSE,FALSE,1,8,Bellview Bench,39.00648,-107.02795,3200,NA,12.196650683647793
10138,BVB2_08282019.qgd,NA,BVB2_08282019,floral,NA,NA,bvb,19,2,8282019,NA,1,2019-08-28T15:36:06Z,2019-08-29T02:18:32Z,2019-08-29T02:23:38Z,2019-08-29T02:18:32Z,Desorbed NA,18,7,NA,7,NA,306,NA,C:/GCMSsolution/Data/Project1/Campbell RMBL Data/Lupinus argenteus/BVB2_08282019.qgd,ebaecfe7-7059-4c39-bc8f-785c21c6bbde,2226,302591926,FALSE,FALSE,FALSE,1,8,Bellview Bench,39.00648,-107.02795,3200,NA,111.7290955616621
10139,BVB3_08282019.qgd,NA,BVB3_08282019,floral,NA,NA,bvb,19,3,8282019,NA,0,2019-08-28T15:36:06Z,2019-08-29T02:54:57Z,2019-08-29T03:00:13Z,2019-08-29T02:54:57Z,Desorbed NA,19,8,NA,8,NA,316,NA,C:/GCMSsolution/Data/Project1/Campbell RMBL Data/Lupinus argenteus/BVB3_08282019.qgd,ebaecfe7-7059-4c39-bc8f-785c21c6bbde,2185,258804306,FALSE,TRUE,TRUE,2,8,Bellview Bench,39.00648,-107.02795,3200,NA,14.47865495168042
10140,BVB4_08282019.qgd,NA,BVB4_08282019,floral,NA,NA,bvb,19,4,8282019,NA,1,2019-08-28T15:36:06Z,2019-08-29T03:31:43Z,2019-08-29T03:36:56Z,2019-08-29T03:31:43Z,Desorbed NA,20,9,NA,9,NA,313,NA,C:/GCMSsolution/Data/Project1/Campbell RMBL Data/Lupinus argenteus/BVB4_08282019.qgd,ebaecfe7-7059-4c39-bc8f-785c21c6bbde,2206,265873609,FALSE,FALSE,FALSE,1,8,Bellview Bench,39.00648,-107.02795,3200,NA,51.27244181769261
10188,bwb1_08292019pm.qgd,NA,bwb1_08292019pm,floral,NA,NA,bwb,19,1,8292019,NA,1,2019-08-29T23:07:09Z,2019-08-30T10:51:20Z,2019-08-30T10:56:28Z,2019-08-30T10:51:20Z,Desorbed NA,9,9,NA,9,NA,308,NA,C:/GCMSsolution/Data/Project1/Campbell RMBL Data/Lupinus argenteus/bwb1_08292019pm.qgd,39685a14-1ca8-4d9e-a820-ef733a36fc62,2133,291514775,FALSE,FALSE,FALSE,1,16,Bellview Wilderness Boundary,39.01529,-107.03471,3477,NA,344.47232848214117
10189,bwb2_08292019pm.qgd,NA,bwb2_08292019pm,floral,NA,NA,bwb,19,2,8292019,NA,0,2019-08-29T23:07:09Z,2019-08-30T11:26:49Z,2019-08-30T11:32:08Z,2019-08-30T11:26:49Z,Desorbed NA,10,10,NA,10,NA,319,NA,C:/GCMSsolution/Data/Project1/Campbell RMBL Data/Lupinus argenteus/bwb2_08292019pm.qgd,39685a14-1ca8-4d9e-a820-ef733a36fc62,2129,304321883,FALSE,FALSE,FALSE,1,16,Bellview Wilderness Boundary,39.01529,-107.03471,3477,NA,635.1818163052942
10190,bwb3_08292019pm.qgd,NA,bwb3_08292019pm,floral,NA,NA,bwb,19,3,8292019,NA,1,2019-08-29T23:07:09Z,2019-08-30T12:03:21Z,2019-08-30T12:07:39Z,2019-08-30T12:03:21Z,Desorbed NA,11,11,NA,11,NA,258,NA,C:/GCMSsolution/Data/Project1/Campbell RMBL Data/Lupinus argenteus/bwb3_08292019pm.qgd,39685a14-1ca8-4d9e-a820-ef733a36fc62,2192,239426444,FALSE,FALSE,FALSE,1,16,Bellview Wilderness Boundary,39.01529,-107.03471,3477,NA,101.10679033263968
10191,bwb4_08292019pm.qgd,NA,bwb4_08292019pm,floral,NA,NA,bwb,19,4,8292019,NA,1,2019-08-29T23:07:09Z,2019-08-30T12:37:46Z,2019-08-30T12:43:06Z,2019-08-30T12:37:46Z,Desorbed NA,12,12,NA,12,NA,320,NA,C:/GCMSsolution/Data/Project1/Campbell RMBL Data/Lupinus argenteus/bwb4_08292019pm.qgd,39685a14-1ca8-4d9e-a820-ef733a36fc62,2065,318845035,FALSE,FALSE,FALSE,1,16,Bellview Wilderness Boundary,39.01529,-107.03471,3477,NA,447.3295275897601
10192,bwb5_08292019pm.qgd,NA,bwb5_08292019pm,floral,NA,NA,bwb,19,5,8292019,NA,0,2019-08-29T23:07:09Z,2019-08-30T13:13:21Z,2019-08-30T13:18:41Z,2019-08-30T13:13:21Z,Desorbed NA,13,13,NA,13,NA,320,NA,C:/GCMSsolution/Data/Project1/Campbell RMBL Data/Lupinus argenteus/bwb5_08292019pm.qgd,39685a14-1ca8-4d9e-a820-ef733a36fc62,2135,330860206,FALSE,FALSE,FALSE,1,16,Bellview Wilderness Boundary,39.01529,-107.03471,3477,NA,403.62117385986363
10193,bwb6_08292019pm.qgd,NA,bwb6_08292019pm,floral,NA,NA,bwb,19,6,8292019,NA,1,2019-08-29T23:07:09Z,2019-08-30T13:48:47Z,2019-08-30T13:53:54Z,2019-08-30T13:48:47Z,Desorbed NA,14,14,NA,14,NA,307,NA,C:/GCMSsolution/Data/Project1/Campbell RMBL Data/Lupinus argenteus/bwb6_08292019pm.qgd,39685a14-1ca8-4d9e-a820-ef733a36fc62,2126,297309929,FALSE,FALSE,FALSE,1,16,Bellview Wilderness Boundary,39.01529,-107.03471,3477,NA,228.86184345041053
10194,bwb7_08292019pm.qgd,NA,bwb7_08292019pm,floral,NA,NA,bwb,19,7,8292019,NA,1,2019-08-29T23:07:09Z,2019-08-30T14:24:11Z,2019-08-30T14:29:30Z,2019-08-30T14:24:11Z,Desorbed NA,15,15,NA,15,NA,319,NA,C:/GCMSsolution/Data/Project1/Campbell RMBL Data/Lupinus argenteus/bwb7_08292019pm.qgd,39685a14-1ca8-4d9e-a820-ef733a36fc62,2124,263156477,FALSE,FALSE,FALSE,1,16,Bellview Wilderness Boundary,39.01529,-107.03471,3477,NA,220.3123310856467
10195,bwb8_08292019pm.qgd,NA,bwb8_08292019pm,floral,NA,NA,bwb,19,8,8292019,NA,1,2019-08-29T23:07:09Z,2019-08-30T15:00:00Z,2019-08-30T15:05:27Z,2019-08-30T15:00:00Z,Desorbed NA,16,16,NA,16,NA,327,NA,C:/GCMSsolution/Data/Project1/Campbell RMBL Data/Lupinus argenteus/bwb8_08292019pm.qgd,39685a14-1ca8-4d9e-a820-ef733a36fc62,2149,302370518,FALSE,FALSE,FALSE,1,16,Bellview Wilderness Boundary,39.01529,-107.03471,3477,NA,1009.6321841931085
10196,bwb9_08292019pm.qgd,NA,bwb9_08292019pm,floral,NA,NA,bwb,19,9,8292019,NA,1,2019-08-29T23:07:09Z,2019-08-30T15:35:54Z,2019-08-30T15:41:11Z,2019-08-30T15:35:54Z,Desorbed NA,17,17,NA,17,NA,317,NA,C:/GCMSsolution/Data/Project1/Campbell RMBL Data/Lupinus argenteus/bwb9_08292019pm.qgd,39685a14-1ca8-4d9e-a820-ef733a36fc62,2154,396153179,FALSE,FALSE,FALSE,1,16,Bellview Wilderness Boundary,39.01529,-107.03471,3477,NA,1298.202332152946
10225,cm2forreal_08312019.qgd,NA,cm2forreal_08312019,floral,NA,NA,cmn,19,2,8312019,NA,1,2019-08-31T08:31:12Z,2019-08-31T21:35:31Z,2019-08-31T21:40:00Z,2019-08-31T21:35:31Z,Desorbed NA,11,11,NA,11,NA,269,NA,C:/GCMSsolution/Data/Project1/Campbell RMBL Data/Lupinus argenteus/cm2forreal_08312019.qgd,956d32ba-d748-44eb-bfca-5ea55c32f10b,2251,308491685,FALSE,FALSE,FALSE,1,18,Cinnamon,38.99747,-107.06794,3660,NA,125.98304910787725
10209,cmn1_08302019am.qgd,NA,cmn1_08302019am,floral,NA,NA,cmn,19,1,8302019,NA,1,2019-08-30T11:17:10Z,2019-08-30T23:46:27Z,2019-08-30T23:51:47Z,2019-08-30T23:46:27Z,Desorbed NA,10,10,NA,10,NA,320,NA,C:/GCMSsolution/Data/Project1/Campbell RMBL Data/Lupinus argenteus/cmn1_08302019am.qgd,4087e644-ad58-45df-88e4-b4d30f9b2cce,2207,388759760,FALSE,FALSE,FALSE,1,18,Cinnamon,38.99747,-107.06794,3660,NA,213.95235499592204
10210,cmn2reallycm3_08302019am.qgd,NA,cmn2reallycm3_08302019am,floral,NA,NA,cmn,19,3,8302019,NA,1,2019-08-30T11:17:10Z,2019-08-31T00:24:09Z,2019-08-31T00:28:31Z,2019-08-31T00:24:09Z,Desorbed NA,12,12,NA,12,NA,262,NA,C:/GCMSsolution/Data/Project1/Campbell RMBL Data/Lupinus argenteus/cmn2reallycm3_08302019am.qgd,4087e644-ad58-45df-88e4-b4d30f9b2cce,NA,292173746,FALSE,FALSE,FALSE,1,18,Cinnamon,38.99747,-107.06794,3660,NA,65.50323289949732
10211,cmn3reallycm4_08302019am.qgd,NA,cmn3reallycm4_08302019am,floral,NA,NA,cmn,19,4,8302019,NA,1,2019-08-30T11:17:10Z,2019-08-31T01:00:06Z,2019-08-31T01:05:26Z,2019-08-31T01:00:06Z,Desorbed NA,13,13,NA,13,NA,320,NA,C:/GCMSsolution/Data/Project1/Campbell RMBL Data/Lupinus argenteus/cmn3reallycm4_08302019am.qgd,4087e644-ad58-45df-88e4-b4d30f9b2cce,2157,318931199,FALSE,FALSE,FALSE,1,18,Cinnamon,38.99747,-107.06794,3660,NA,106.91671559581168
10212,cmn4reallycm5_08302019am.qgd,NA,cmn4reallycm5_08302019am,floral,NA,NA,cmn,19,5,8302019,NA,1,2019-08-30T11:17:10Z,2019-08-31T01:36:42Z,2019-08-31T01:42:01Z,2019-08-31T01:36:42Z,Desorbed NA,14,14,NA,14,NA,319,NA,C:/GCMSsolution/Data/Project1/Campbell RMBL Data/Lupinus argenteus/cmn4reallycm5_08302019am.qgd,4087e644-ad58-45df-88e4-b4d30f9b2cce,2196,347811248,FALSE,FALSE,FALSE,1,18,Cinnamon,38.99747,-107.06794,3660,NA,416.25767488527214
10213,cmn5reallycm6_08302019am.qgd,NA,cmn5reallycm6_08302019am,floral,NA,NA,cmn,19,6,8302019,NA,1,2019-08-30T11:17:10Z,2019-08-31T02:13:13Z,2019-08-31T02:18:30Z,2019-08-31T02:13:13Z,Desorbed NA,15,15,NA,15,NA,317,NA,C:/GCMSsolution/Data/Project1/Campbell RMBL Data/Lupinus argenteus/cmn5reallycm6_08302019am.qgd,4087e644-ad58-45df-88e4-b4d30f9b2cce,2191,299027371,FALSE,FALSE,FALSE,1,18,Cinnamon,38.99747,-107.06794,3660,NA,156.07895628826486
10214,cmn6reallycm7_08302019am.qgd,NA,cmn6reallycm7_08302019am,floral,NA,NA,cmn,19,7,8302019,NA,1,2019-08-30T11:17:10Z,2019-08-31T02:50:15Z,2019-08-31T02:55:35Z,2019-08-31T02:50:15Z,Desorbed NA,16,16,NA,16,NA,320,NA,C:/GCMSsolution/Data/Project1/Campbell RMBL Data/Lupinus argenteus/cmn6reallycm7_08302019am.qgd,4087e644-ad58-45df-88e4-b4d30f9b2cce,2222,377541148,FALSE,FALSE,FALSE,1,18,Cinnamon,38.99747,-107.06794,3660,NA,567.6646414456889
10167,elk1_08292019am.qgd,NA,elk1_08292019am,floral,NA,NA,elk,19,1,8292019,NA,1,2019-08-29T10:24:18Z,2019-08-29T21:40:31Z,2019-08-29T21:45:53Z,2019-08-29T21:40:31Z,Desorbed NA,8,8,NA,8,NA,322,NA,C:/GCMSsolution/Data/Project1/Campbell RMBL Data/Lupinus argenteus/elk1_08292019am.qgd,22389d36-133d-4a55-920c-4596e17eee76,2221,344627752,FALSE,FALSE,FALSE,1,11,Elko,39.00726,-107.05486,3294,NA,1136.514074744963
10168,elk2_08292019am.qgd,NA,elk2_08292019am,floral,NA,NA,elk,19,2,8292019,NA,1,2019-08-29T10:24:18Z,2019-08-29T22:17:45Z,2019-08-29T22:23:01Z,2019-08-29T22:17:45Z,Desorbed NA,9,9,NA,9,NA,316,NA,C:/GCMSsolution/Data/Project1/Campbell RMBL Data/Lupinus argenteus/elk2_08292019am.qgd,22389d36-133d-4a55-920c-4596e17eee76,2234,364614092,FALSE,FALSE,FALSE,1,11,Elko,39.00726,-107.05486,3294,NA,858.4781519347636
10169,elk3_08292019am.qgd,NA,elk3_08292019am,floral,NA,NA,elk,19,3,8292019,NA,1,2019-08-29T10:24:18Z,2019-08-29T22:54:46Z,2019-08-29T23:00:05Z,2019-08-29T22:54:46Z,Desorbed NA,10,10,NA,10,NA,319,NA,C:/GCMSsolution/Data/Project1/Campbell RMBL Data/Lupinus argenteus/elk3_08292019am.qgd,22389d36-133d-4a55-920c-4596e17eee76,2221,360728168,FALSE,FALSE,FALSE,1,11,Elko,39.00726,-107.05486,3294,NA,1006.7033251217208
10170,elk4_08292019am.qgd,NA,elk4_08292019am,floral,NA,NA,elk,19,4,8292019,NA,1,2019-08-29T10:24:18Z,2019-08-29T23:32:48Z,2019-08-29T23:37:09Z,2019-08-29T23:32:48Z,Desorbed NA,11,11,NA,11,NA,261,NA,C:/GCMSsolution/Data/Project1/Campbell RMBL Data/Lupinus argenteus/elk4_08292019am.qgd,22389d36-133d-4a55-920c-4596e17eee76,2282,280936885,FALSE,FALSE,FALSE,1,11,Elko,39.00726,-107.05486,3294,NA,236.6560478774858
10171,elk5_08292019am.qgd,NA,elk5_08292019am,floral,NA,NA,elk,19,5,8292019,NA,1,2019-08-29T10:24:18Z,2019-08-30T00:08:16Z,2019-08-30T00:13:32Z,2019-08-30T00:08:16Z,Desorbed NA,12,12,NA,12,NA,316,NA,C:/GCMSsolution/Data/Project1/Campbell RMBL Data/Lupinus argenteus/elk5_08292019am.qgd,22389d36-133d-4a55-920c-4596e17eee76,2128,312660729,FALSE,FALSE,FALSE,1,11,Elko,39.00726,-107.05486,3294,NA,232.85120962770085
10172,elk6_08292019am.qgd,NA,elk6_08292019am,floral,NA,NA,elk,19,6,8292019,NA,1,2019-08-29T10:24:18Z,2019-08-30T00:44:46Z,2019-08-30T00:50:06Z,2019-08-30T00:44:46Z,Desorbed NA,13,13,NA,13,NA,320,NA,C:/GCMSsolution/Data/Project1/Campbell RMBL Data/Lupinus argenteus/elk6_08292019am.qgd,22389d36-133d-4a55-920c-4596e17eee76,2190,351267026,FALSE,FALSE,FALSE,1,11,Elko,39.00726,-107.05486,3294,NA,339.6316883524565
10173,elk7_08292019am.qgd,NA,elk7_08292019am,floral,NA,NA,elk,19,7,8292019,NA,1,2019-08-29T10:24:18Z,2019-08-30T01:22:09Z,2019-08-30T01:27:27Z,2019-08-30T01:22:09Z,Desorbed NA,14,14,NA,14,NA,318,NA,C:/GCMSsolution/Data/Project1/Campbell RMBL Data/Lupinus argenteus/elk7_08292019am.qgd,22389d36-133d-4a55-920c-4596e17eee76,2243,339728958,FALSE,FALSE,FALSE,1,11,Elko,39.00726,-107.05486,3294,NA,294.10096145918
10174,elk8_08292019am.qgd,NA,elk8_08292019am,floral,NA,NA,elk,19,8,8292019,NA,1,2019-08-29T10:24:18Z,2019-08-30T01:59:16Z,2019-08-30T02:04:23Z,2019-08-30T01:59:16Z,Desorbed NA,15,15,NA,15,NA,307,NA,C:/GCMSsolution/Data/Project1/Campbell RMBL Data/Lupinus argenteus/elk8_08292019am.qgd,22389d36-133d-4a55-920c-4596e17eee76,2227,294985747,FALSE,FALSE,FALSE,1,11,Elko,39.00726,-107.05486,3294,NA,74.8888396320641
10122,ERB1_08282019.qgd,NA,ERB1_08282019,floral,NA,NA,erb,19,1,8282019,NA,0,2019-08-28T08:45:49Z,2019-08-28T16:21:05Z,2019-08-28T16:26:24Z,2019-08-28T16:21:05Z,Desorbed NA,2,2,NA,2,NA,319,NA,C:/GCMSsolution/Data/Project1/Campbell RMBL Data/Lupinus argenteus/ERB1_08282019.qgd,cffb1e93-951d-4d26-a300-f7e37b497793,1823,295391244,FALSE,TRUE,TRUE,2,3,East River Bridge,38.95409,-106.98832,2873,NA,12.039579010655686
10123,ERB2_08282019.qgd,NA,ERB2_08282019,floral,NA,NA,erb,19,2,8282019,NA,0,2019-08-28T08:45:49Z,2019-08-28T16:56:35Z,2019-08-28T17:01:51Z,2019-08-28T16:56:35Z,Desorbed NA,3,3,NA,3,NA,316,NA,C:/GCMSsolution/Data/Project1/Campbell RMBL Data/Lupinus argenteus/ERB2_08282019.qgd,cffb1e93-951d-4d26-a300-f7e37b497793,2130,317139516,FALSE,TRUE,TRUE,2,3,East River Bridge,38.95409,-106.98832,2873,NA,1.139644295088831
10124,ERB3_08282019.qgd,NA,ERB3_08282019,floral,NA,NA,erb,19,3,8282019,NA,0,2019-08-28T08:45:49Z,2019-08-28T17:32:12Z,2019-08-28T17:37:30Z,2019-08-28T17:32:12Z,Desorbed NA,4,4,NA,4,NA,318,NA,C:/GCMSsolution/Data/Project1/Campbell RMBL Data/Lupinus argenteus/ERB3_08282019.qgd,cffb1e93-951d-4d26-a300-f7e37b497793,2137,321210783,FALSE,TRUE,TRUE,2,3,East River Bridge,38.95409,-106.98832,2873,NA,89.46710798219661
10125,ERB4_08282019.qgd,NA,ERB4_08282019,floral,NA,NA,erb,19,4,8282019,NA,0,2019-08-28T08:45:49Z,2019-08-28T18:08:12Z,2019-08-28T18:13:31Z,2019-08-28T18:08:12Z,Desorbed NA,5,5,NA,5,NA,319,NA,C:/GCMSsolution/Data/Project1/Campbell RMBL Data/Lupinus argenteus/ERB4_08282019.qgd,cffb1e93-951d-4d26-a300-f7e37b497793,2160,260984412,FALSE,TRUE,TRUE,2,3,East River Bridge,38.95409,-106.98832,2873,NA,3.585550222786331
10126,ERB5_08282019.qgd,NA,ERB5_08282019,floral,NA,NA,erb,19,5,8282019,NA,0,2019-08-28T08:45:49Z,2019-08-28T18:44:39Z,2019-08-28T18:49:45Z,2019-08-28T18:44:39Z,Desorbed NA,6,6,NA,6,NA,306,NA,C:/GCMSsolution/Data/Project1/Campbell RMBL Data/Lupinus argenteus/ERB5_08282019.qgd,cffb1e93-951d-4d26-a300-f7e37b497793,2187,298732862,FALSE,TRUE,TRUE,2,3,East River Bridge,38.95409,-106.98832,2873,NA,80.43014439220435
10127,ERB6_08282019.qgd,NA,ERB6_08282019,floral,NA,NA,erb,19,6,8282019,NA,0,2019-08-28T08:45:49Z,2019-08-28T19:21:13Z,2019-08-28T19:26:32Z,2019-08-28T19:21:13Z,Desorbed NA,7,7,NA,7,NA,319,NA,C:/GCMSsolution/Data/Project1/Campbell RMBL Data/Lupinus argenteus/ERB6_08282019.qgd,cffb1e93-951d-4d26-a300-f7e37b497793,2194,259316290,FALSE,TRUE,TRUE,2,3,East River Bridge,38.95409,-106.98832,2873,NA,10.917849322468019
10128,ERB7_08282019.qgd,NA,ERB7_08282019,floral,NA,NA,erb,19,7,8282019,NA,0,2019-08-28T08:45:49Z,2019-08-28T19:58:24Z,2019-08-28T20:03:35Z,2019-08-28T19:58:24Z,Desorbed NA,8,8,NA,8,NA,311,NA,C:/GCMSsolution/Data/Project1/Campbell RMBL Data/Lupinus argenteus/ERB7_08282019.qgd,cffb1e93-951d-4d26-a300-f7e37b497793,2231,298763853,FALSE,TRUE,TRUE,2,3,East River Bridge,38.95409,-106.98832,2873,NA,64.49045853460957
10129,ERB8_08282019.qgd,NA,ERB8_08282019,floral,NA,NA,erb,19,8,8282019,NA,0,2019-08-28T08:45:49Z,2019-08-28T20:34:51Z,2019-08-28T20:40:05Z,2019-08-28T20:34:51Z,Desorbed NA,9,9,NA,9,NA,314,NA,C:/GCMSsolution/Data/Project1/Campbell RMBL Data/Lupinus argenteus/ERB8_08282019.qgd,cffb1e93-951d-4d26-a300-f7e37b497793,2187,279390326,FALSE,TRUE,TRUE,2,3,East River Bridge,38.95409,-106.98832,2873,NA,5.793078331137312
10132,ERB9_08282019.qgd,NA,ERB9_08282019,floral,NA,NA,lerb,19,9,8282019,NA,0,2019-08-28T15:36:06Z,2019-08-28T22:40:40Z,2019-08-28T22:34:02Z,2019-08-28T22:34:02Z,Desorbed NA,12,1,NA,1,NA,398,NA,C:/GCMSsolution/Data/Project1/Campbell RMBL Data/Lupinus argenteus/ERB9_08282019.qgd,ebaecfe7-7059-4c39-bc8f-785c21c6bbde,1531,288998401,FALSE,TRUE,TRUE,2,2,East River Bridge,38.95225,-106.98946,2863,"Lower ERB, merge with ERB",20.486797837761525
10133,LERB1_08282019.qgd,NA,LERB1_08282019,floral,NA,NA,lerb,19,1,8282019,NA,0,2019-08-28T15:36:06Z,2019-08-28T23:11:06Z,2019-08-28T23:16:13Z,2019-08-28T23:11:06Z,Desorbed NA,13,2,NA,2,NA,307,NA,C:/GCMSsolution/Data/Project1/Campbell RMBL Data/Lupinus argenteus/LERB1_08282019.qgd,ebaecfe7-7059-4c39-bc8f-785c21c6bbde,1826,336983828,FALSE,TRUE,TRUE,2,2,East River Bridge,38.95225,-106.98946,2863,"Lower ERB, merge with ERB",56.57268689363219
10135,LERB2_08282019.qgd,NA,LERB2_08282019,floral,NA,NA,lerb,19,2,8282019,NA,0,2019-08-28T15:36:06Z,2019-08-29T00:26:28Z,2019-08-29T00:31:34Z,2019-08-29T00:26:28Z,Desorbed NA,15,4,NA,4,NA,306,NA,C:/GCMSsolution/Data/Project1/Campbell RMBL Data/Lupinus argenteus/LERB2_08282019.qgd,ebaecfe7-7059-4c39-bc8f-785c21c6bbde,2266,290386790,FALSE,TRUE,TRUE,2,2,East River Bridge,38.95225,-106.98946,2863,"Lower ERB, merge with ERB",20.423414039428405
10136,LERB3_08282019.qgd,NA,LERB3_08282019,floral,NA,NA,lerb,19,3,8282019,NA,0,2019-08-28T15:36:06Z,2019-08-29T01:04:07Z,2019-08-29T01:09:21Z,2019-08-29T01:04:07Z,Desorbed NA,16,5,NA,5,NA,314,NA,C:/GCMSsolution/Data/Project1/Campbell RMBL Data/Lupinus argenteus/LERB3_08282019.qgd,ebaecfe7-7059-4c39-bc8f-785c21c6bbde,2259,281444383,FALSE,TRUE,TRUE,2,2,East River Bridge,38.95225,-106.98946,2863,"Lower ERB, merge with ERB",25.554619316174538
10184,lerb4_08292019pm.qgd,NA,lerb4_08292019pm,floral,NA,NA,lerb,19,4,8292019,NA,0,2019-08-29T23:07:09Z,2019-08-30T08:29:20Z,2019-08-30T08:34:30Z,2019-08-30T08:29:20Z,Desorbed NA,5,5,NA,5,NA,310,NA,C:/GCMSsolution/Data/Project1/Campbell RMBL Data/Lupinus argenteus/lerb4_08292019pm.qgd,39685a14-1ca8-4d9e-a820-ef733a36fc62,2133,332622001,FALSE,FALSE,FALSE,1,2,East River Bridge,38.95225,-106.98946,2863,"Lower ERB, merge with ERB",518.829126175431
10185,lerb5_08292019pm.qgd,NA,lerb5_08292019pm,floral,NA,NA,lerb,19,5,8292019,NA,0,2019-08-29T23:07:09Z,2019-08-30T09:04:44Z,2019-08-30T09:10:01Z,2019-08-30T09:04:44Z,Desorbed NA,6,6,NA,6,NA,317,NA,C:/GCMSsolution/Data/Project1/Campbell RMBL Data/Lupinus argenteus/lerb5_08292019pm.qgd,39685a14-1ca8-4d9e-a820-ef733a36fc62,2124,262785818,FALSE,FALSE,FALSE,1,2,East River Bridge,38.95225,-106.98946,2863,"Lower ERB, merge with ERB",29.41002299687608
10186,lerb6_08292019pm.qgd,NA,lerb6_08292019pm,floral,NA,NA,lerb,19,6,8292019,NA,0,2019-08-29T23:07:09Z,2019-08-30T09:40:21Z,2019-08-30T09:45:31Z,2019-08-30T09:40:21Z,Desorbed NA,7,7,NA,7,NA,310,NA,C:/GCMSsolution/Data/Project1/Campbell RMBL Data/Lupinus argenteus/lerb6_08292019pm.qgd,39685a14-1ca8-4d9e-a820-ef733a36fc62,2137,255709571,FALSE,TRUE,TRUE,2,2,East River Bridge,38.95225,-106.98946,2863,"Lower ERB, merge with ERB",126.97219803497418
10072,Lupine1Aug3L_08252017.qgd,NA,Lupine1Aug3L_08252017,floral,NA,NA,gth,17,1,8252017,NA,0,2017-08-25T07:22:12Z,2017-08-25T18:39:37Z,2017-08-25T18:46:41Z,2017-08-25T18:39:37Z,Desorbed NA,8,8,NA,8,NA,424,NA,C:/GCMSsolution/Data/Project1/Campbell RMBL Data/Other species - Campbell/Lupine1Aug3L_08252017.qgd,bf3978ae-d01b-4a56-bb25-1051fc9841b9,2226,407340100,FALSE,FALSE,FALSE,4,4,Gothic Parking Lot,NA,NA,2893,elev approximate,72.68393815718711
10073,Lupine2Aug3L_08252017.qgd,NA,Lupine2Aug3L_08252017,floral,NA,NA,gth,17,2,8252017,NA,0,2017-08-25T07:22:12Z,2017-08-25T19:16:47Z,2017-08-25T19:23:53Z,2017-08-25T19:16:47Z,Desorbed NA,9,9,NA,9,NA,426,NA,C:/GCMSsolution/Data/Project1/Campbell RMBL Data/Other species - Campbell/Lupine2Aug3L_08252017.qgd,bf3978ae-d01b-4a56-bb25-1051fc9841b9,2230,534248886,FALSE,FALSE,FALSE,4,4,Gothic Parking Lot,NA,NA,2893,elev approximate,78.96243277356596
10079,Lupine3Aug3_08252017.qgd,NA,Lupine3Aug3_08252017,floral,NA,NA,gth,17,3,8252017,NA,0,2017-08-25T14:26:21Z,2017-08-25T23:48:47Z,2017-08-25T23:55:54Z,2017-08-25T23:48:47Z,Desorbed NA,6,5,NA,5,NA,427,NA,C:/GCMSsolution/Data/Project1/Campbell RMBL Data/Other species - Campbell/Lupine3Aug3_08252017.qgd,5566bfb7-2c2e-4e15-a0a6-628b8e21f7bb,2320,320152258,FALSE,FALSE,FALSE,4,4,Gothic Parking Lot,NA,NA,2893,elev approximate,70.18214621715909
10080,Lupine4Aug3_08252017.qgd,NA,Lupine4Aug3_08252017,floral,NA,NA,gth,17,4,8252017,NA,0,2017-08-25T14:26:21Z,2017-08-26T00:27:45Z,2017-08-26T00:34:47Z,2017-08-26T00:27:45Z,Desorbed NA,7,6,NA,6,NA,422,NA,C:/GCMSsolution/Data/Project1/Campbell RMBL Data/Other species - Campbell/Lupine4Aug3_08252017.qgd,5566bfb7-2c2e-4e15-a0a6-628b8e21f7bb,2338,363002139,FALSE,FALSE,FALSE,4,4,Gothic Parking Lot,NA,NA,2893,elev approximate,15.97854587405577
10084,Lupine5Aug3L_08262017.qgd,NA,Lupine5Aug3L_08262017,floral,NA,NA,gth,17,5,8262017,NA,0,2017-08-26T07:48:32Z,2017-08-26T16:36:15Z,2017-08-26T16:43:20Z,2017-08-26T16:36:15Z,Desorbed NA,4,4,NA,4,NA,425,NA,C:/GCMSsolution/Data/Project1/Campbell RMBL Data/Other species - Campbell/Lupine5Aug3L_08262017.qgd,2a728d80-1a6e-44e0-9cc6-a4c6eca1c7d9,2189,246343902,FALSE,FALSE,FALSE,4,4,Gothic Parking Lot,NA,NA,2893,elev approximate,5.194304843353379
10074,LupineR1Aug20_08252017.qgd,NA,LupineR1Aug20_08252017,floral,NA,NA,npb,17,1,8252017,NA,1,2017-08-25T07:22:12Z,2017-08-25T19:54:14Z,2017-08-25T20:01:18Z,2017-08-25T19:54:14Z,Desorbed NA,10,10,NA,10,NA,424,NA,C:/GCMSsolution/Data/Project1/Campbell RMBL Data/Other species - Campbell/LupineR1Aug20_08252017.qgd,bf3978ae-d01b-4a56-bb25-1051fc9841b9,2247,309655604,FALSE,FALSE,FALSE,4,13,North Pole Basin,NA,NA,3380,elev unknown,18.038576524330683
10076,LupineR2Aug20redo_08252017.qgd,NA,LupineR2Aug20redo_08252017,floral,NA,NA,npb,17,2,8252017,NA,1,2017-08-25T14:26:21Z,2017-08-25T21:54:01Z,2017-08-25T22:00:31Z,2017-08-25T21:54:01Z,Desorbed NA,3,2,NA,2,NA,390,NA,C:/GCMSsolution/Data/Project1/Campbell RMBL Data/Other species - Campbell/LupineR2Aug20redo_08252017.qgd,5566bfb7-2c2e-4e15-a0a6-628b8e21f7bb,NA,262082968,FALSE,FALSE,FALSE,4,13,North Pole Basin,NA,NA,3380,elev unknown,114.28126465245619
10077,LupineR3Aug20_08252017.qgd,NA,LupineR3Aug20_08252017,floral,NA,NA,npb,17,3,8252017,NA,1,2017-08-25T14:26:21Z,2017-08-25T22:31:35Z,2017-08-25T22:38:41Z,2017-08-25T22:31:35Z,Desorbed NA,4,3,NA,3,NA,426,NA,C:/GCMSsolution/Data/Project1/Campbell RMBL Data/Other species - Campbell/LupineR3Aug20_08252017.qgd,5566bfb7-2c2e-4e15-a0a6-628b8e21f7bb,2254,255559175,FALSE,FALSE,FALSE,4,13,North Pole Basin,NA,NA,3380,elev unknown,27.12587457825232
10078,LupineR4Aug20_08252017.qgd,NA,LupineR4Aug20_08252017,floral,NA,NA,npb,17,4,8252017,NA,1,2017-08-25T14:26:21Z,2017-08-25T23:10:07Z,2017-08-25T23:17:10Z,2017-08-25T23:10:07Z,Desorbed NA,5,4,NA,4,NA,423,NA,C:/GCMSsolution/Data/Project1/Campbell RMBL Data/Other species - Campbell/LupineR4Aug20_08252017.qgd,5566bfb7-2c2e-4e15-a0a6-628b8e21f7bb,2312,299516729,FALSE,FALSE,FALSE,4,13,North Pole Basin,NA,NA,3380,elev unknown,147.94389979127584
1216,Lupinus_brc_20_1_8122021_11.qgd,Lupinus_210812.txt,Lupinus_brc_20_1_8122021_11,floral,Lupinus_brc_20_1_8122021_11,Lupinus,brc,20,1,8122021,11,NA,2021-08-12T09:12:11Z,2021-08-12T22:29:57Z,2021-08-12T22:44:40Z,2021-08-12T22:29:57Z,Desorbed NA,11,11,11,11,0,883,NA,C:/GCMSsolution/Data/Project1/Campbell RMBL Data/Lupinus argenteus/Lupinus_brc_20_1_8122021_11.qgd,cafc7396-3329-4a2d-9d85-c9ec3e9b7653,2442,1291509238,FALSE,FALSE,FALSE,5,1,Brush Creek Trailhead,NA,NA,2730,inferring elevations for the non-2019 sites (without lat/lon),36.809715306773064
1225,Lupinus_brc_20_2_8122021_20.qgd,Lupinus_210812.txt,Lupinus_brc_20_2_8122021_20,floral,Lupinus_brc_20_2_8122021_20,Lupinus,brc,20,2,8122021,20,NA,2021-08-12T09:12:11Z,2021-08-13T04:12:02Z,2021-08-13T04:27:46Z,2021-08-13T04:12:02Z,Desorbed NA,20,20,20,20,0,944,NA,C:/GCMSsolution/Data/Project1/Campbell RMBL Data/Lupinus argenteus/Lupinus_brc_20_2_8122021_20.qgd,cafc7396-3329-4a2d-9d85-c9ec3e9b7653,2221,982125123,FALSE,FALSE,FALSE,5,1,Brush Creek Trailhead,NA,NA,2730,inferring elevations for the non-2019 sites (without lat/lon),820.0542213549353
1250,Lupinus_brc_20_3_8142021_05.qgd,Lupinus20_SC_Lagg21_210814.txt,Lupinus_brc_20_3_8142021_05,floral,Lupinus_brc_20_3_8142021_05,Lupinus,brc,20,3,8142021,05,NA,2021-08-14T07:25:31Z,2021-08-14T16:48:01Z,2021-08-14T17:03:49Z,2021-08-14T16:48:01Z,Desorbed NA,5,5,5,5,0,948,NA,C:/GCMSsolution/Data/Project1/Campbell RMBL Data/Ipomopsis 2020/Lupinus_brc_20_3_8142021_05.qgd,5edabd56-3b80-437b-a16a-03e8258d7b41,2162,203403596,FALSE,FALSE,FALSE,6,1,Brush Creek Trailhead,NA,NA,2730,inferring elevations for the non-2019 sites (without lat/lon),138.85102292334702
1251,Lupinus_brc_20_4_8142021_06.qgd,Lupinus20_SC_Lagg21_210814.txt,Lupinus_brc_20_4_8142021_06,floral,Lupinus_brc_20_4_8142021_06,Lupinus,brc,20,4,8142021,06,NA,2021-08-14T07:25:31Z,2021-08-14T17:24:19Z,2021-08-14T17:40:07Z,2021-08-14T17:24:19Z,Desorbed NA,6,6,6,6,0,948,NA,C:/GCMSsolution/Data/Project1/Campbell RMBL Data/Ipomopsis 2020/Lupinus_brc_20_4_8142021_06.qgd,5edabd56-3b80-437b-a16a-03e8258d7b41,2178,166855402,FALSE,FALSE,FALSE,6,1,Brush Creek Trailhead,NA,NA,2730,inferring elevations for the non-2019 sites (without lat/lon),159.23964220845437
1222,Lupinus_brc_20_5_8122021_17.qgd,Lupinus_210812.txt,Lupinus_brc_20_5_8122021_17,floral,Lupinus_brc_20_5_8122021_17,Lupinus,brc,20,5,8122021,17,NA,2021-08-12T09:12:11Z,2021-08-13T02:20:34Z,2021-08-13T02:36:22Z,2021-08-13T02:20:34Z,Desorbed NA,17,17,17,17,0,948,NA,C:/GCMSsolution/Data/Project1/Campbell RMBL Data/Lupinus argenteus/Lupinus_brc_20_5_8122021_17.qgd,cafc7396-3329-4a2d-9d85-c9ec3e9b7653,2255,288062284,FALSE,FALSE,FALSE,6,1,Brush Creek Trailhead,NA,NA,2730,inferring elevations for the non-2019 sites (without lat/lon),295.6645868045301
1220,Lupinus_brc_20_6_8122021_15.qgd,Lupinus_210812.txt,Lupinus_brc_20_6_8122021_15,floral,Lupinus_brc_20_6_8122021_15,Lupinus,brc,20,6,8122021,15,NA,2021-08-12T09:12:11Z,2021-08-13T01:04:38Z,2021-08-13T01:20:27Z,2021-08-13T01:04:38Z,Desorbed NA,15,15,15,15,0,949,NA,C:/GCMSsolution/Data/Project1/Campbell RMBL Data/Lupinus argenteus/Lupinus_brc_20_6_8122021_15.qgd,cafc7396-3329-4a2d-9d85-c9ec3e9b7653,2314,842446536,FALSE,FALSE,FALSE,5,1,Brush Creek Trailhead,NA,NA,2730,inferring elevations for the non-2019 sites (without lat/lon),44.27547777076464
1218,Lupinus_brc_20_7_8122021_13.qgd,Lupinus_210812.txt,Lupinus_brc_20_7_8122021_13,floral,Lupinus_brc_20_7_8122021_13,Lupinus,brc,20,7,8122021,13,NA,2021-08-12T09:12:11Z,2021-08-12T23:46:57Z,2021-08-13T00:02:42Z,2021-08-12T23:46:57Z,Desorbed NA,13,13,13,13,0,945,NA,C:/GCMSsolution/Data/Project1/Campbell RMBL Data/Lupinus argenteus/Lupinus_brc_20_7_8122021_13.qgd,cafc7396-3329-4a2d-9d85-c9ec3e9b7653,2332,219262680,FALSE,FALSE,FALSE,6,1,Brush Creek Trailhead,NA,NA,2730,inferring elevations for the non-2019 sites (without lat/lon),118.89516819789284
1243,Lupinus_lerb_20_2_8132021_18.qgd,Lupinus_210813.txt,Lupinus_brc_20_8_8132021_17,floral,Lupinus_brc_20_8_8132021_17,Lupinus,brc,20,8,8132021,17,NA,2021-08-13T06:42:36Z,2021-08-14T00:21:25Z,2021-08-14T00:37:13Z,2021-08-14T00:21:25Z,Desorbed NA,18,18,18,18,0,948,NA,C:/GCMSsolution/Data/Project1/Campbell RMBL Data/Lupinus argenteus/Lupinus_lerb_20_2_8132021_18.qgd,47ed1b17-a106-4bed-960a-ea8c80770b21,2375,774020323,FALSE,FALSE,FALSE,5,1,Brush Creek Trailhead,NA,NA,2730,inferring elevations for the non-2019 sites (without lat/lon),115.70357610978618
1189,Lupinus_bur_20_1_8112021_04.qgd,Lupinus_210811.txt,Lupinus_bur_20_1_8112021_04,floral,Lupinus_bur_20_1_8112021_04,Lupinus,bur,20,1,8112021,04,NA,2021-08-11T10:31:50Z,2021-08-11T19:20:29Z,2021-08-11T19:36:05Z,2021-08-11T19:20:29Z,Desorbed NA,4,4,4,4,0,936,NA,C:/GCMSsolution/Data/Project1/Campbell RMBL Data/Lupinus argenteus/Lupinus_bur_20_1_8112021_04.qgd,2ae0ef0d-3fec-412c-813b-c25499b5b77c,2195,340554524,FALSE,FALSE,FALSE,6,5,Burro Park,NA,NA,3000,elev unknown,1545.1907756927299
1191,Lupinus_bur_20_2_8112021_06.qgd,Lupinus_210811.txt,Lupinus_bur_20_2_8112021_06,floral,Lupinus_bur_20_2_8112021_06,Lupinus,bur,20,2,8112021,06,NA,2021-08-11T10:31:50Z,2021-08-11T20:35:16Z,2021-08-11T20:50:47Z,2021-08-11T20:35:16Z,Desorbed NA,6,6,6,6,0,931,NA,C:/GCMSsolution/Data/Project1/Campbell RMBL Data/Lupinus argenteus/Lupinus_bur_20_2_8112021_06.qgd,2ae0ef0d-3fec-412c-813b-c25499b5b77c,2262,320499176,FALSE,FALSE,FALSE,6,5,Burro Park,NA,NA,3000,elev unknown,1228.9611928592074
1195,Lupinus_bur_20_3_8112021_10.qgd,Lupinus_210811.txt,Lupinus_bur_20_3_8112021_10,floral,Lupinus_bur_20_3_8112021_10,Lupinus,bur,20,3,8112021,10,NA,2021-08-11T10:31:50Z,2021-08-11T23:09:23Z,2021-08-11T23:25:07Z,2021-08-11T23:09:23Z,Desorbed NA,10,10,10,10,0,944,NA,C:/GCMSsolution/Data/Project1/Campbell RMBL Data/Lupinus argenteus/Lupinus_bur_20_3_8112021_10.qgd,2ae0ef0d-3fec-412c-813b-c25499b5b77c,2350,517306032,FALSE,FALSE,FALSE,5,5,Burro Park,NA,NA,3000,elev unknown,294.5382960069832
1193,Lupinus_bur_20_4_8112021_08.qgd,Lupinus_210811.txt,Lupinus_bur_20_4_8112021_08,floral,Lupinus_bur_20_4_8112021_08,Lupinus,bur,20,4,8112021,08,NA,2021-08-11T10:31:50Z,2021-08-11T21:51:30Z,2021-08-11T22:07:17Z,2021-08-11T21:51:30Z,Desorbed NA,8,8,8,8,0,947,NA,C:/GCMSsolution/Data/Project1/Campbell RMBL Data/Lupinus argenteus/Lupinus_bur_20_4_8112021_08.qgd,2ae0ef0d-3fec-412c-813b-c25499b5b77c,2308,336029526,FALSE,FALSE,FALSE,6,5,Burro Park,NA,NA,3000,elev unknown,919.416061740884
1192,Lupinus_bur_20_5_8112021_07.qgd,Lupinus_210811.txt,Lupinus_bur_20_5_8112021_07,floral,Lupinus_bur_20_5_8112021_07,Lupinus,bur,20,5,8112021,07,NA,2021-08-11T10:31:50Z,2021-08-11T21:13:02Z,2021-08-11T21:28:50Z,2021-08-11T21:13:02Z,Desorbed NA,7,7,7,7,0,948,NA,C:/GCMSsolution/Data/Project1/Campbell RMBL Data/Lupinus argenteus/Lupinus_bur_20_5_8112021_07.qgd,2ae0ef0d-3fec-412c-813b-c25499b5b77c,2266,361575748,FALSE,FALSE,FALSE,6,5,Burro Park,NA,NA,3000,elev unknown,1655.9916048916803
1187,Lupinus_bur_20_6_8112021_02.qgd,Lupinus_210811.txt,Lupinus_bur_20_6_8112021_02,floral,Lupinus_bur_20_6_8112021_02,Lupinus,bur,20,6,8112021,02,NA,2021-08-11T10:31:50Z,2021-08-11T18:07:13Z,2021-08-11T18:22:56Z,2021-08-11T18:07:13Z,Desorbed NA,2,2,2,2,0,943,NA,C:/GCMSsolution/Data/Project1/Campbell RMBL Data/Lupinus argenteus/Lupinus_bur_20_6_8112021_02.qgd,2ae0ef0d-3fec-412c-813b-c25499b5b77c,1828,460964360,FALSE,FALSE,FALSE,6,5,Burro Park,NA,NA,3000,elev unknown,3252.793605138758
1190,Lupinus_bur_20_7_8112021_05.qgd,Lupinus_210811.txt,Lupinus_bur_20_7_8112021_05,floral,Lupinus_bur_20_7_8112021_05,Lupinus,bur,20,7,8112021,05,NA,2021-08-11T10:31:50Z,2021-08-11T19:57:34Z,2021-08-11T20:13:20Z,2021-08-11T19:57:34Z,Desorbed NA,5,5,5,5,0,946,NA,C:/GCMSsolution/Data/Project1/Campbell RMBL Data/Lupinus argenteus/Lupinus_bur_20_7_8112021_05.qgd,2ae0ef0d-3fec-412c-813b-c25499b5b77c,2225,403531076,FALSE,FALSE,FALSE,6,5,Burro Park,NA,NA,3000,elev unknown,2986.0910495225407
1194,Lupinus_bur_20_8_8112021_09.qgd,Lupinus_210811.txt,Lupinus_bur_20_8_8112021_09,floral,Lupinus_bur_20_8_8112021_09,Lupinus,bur,20,8,8112021,09,NA,2021-08-11T10:31:50Z,2021-08-11T22:30:13Z,2021-08-11T22:46:01Z,2021-08-11T22:30:13Z,Desorbed NA,9,9,9,9,0,948,NA,C:/GCMSsolution/Data/Project1/Campbell RMBL Data/Lupinus argenteus/Lupinus_bur_20_8_8112021_09.qgd,2ae0ef0d-3fec-412c-813b-c25499b5b77c,2323,884390288,FALSE,FALSE,FALSE,5,5,Burro Park,NA,NA,3000,elev unknown,336.44574917494236
1212,Lupinus_bvb_20_1_8122021_07.qgd,Lupinus_210812.txt,Lupinus_bvb_20_1_8122021_07,floral,Lupinus_bvb_20_1_8122021_07,Lupinus,bvb,20,1,8122021,07,NA,2021-08-12T09:12:11Z,2021-08-12T19:51:45Z,2021-08-12T20:07:36Z,2021-08-12T19:51:45Z,Desorbed NA,7,7,7,7,0,951,NA,C:/GCMSsolution/Data/Project1/Campbell RMBL Data/Lupinus argenteus/Lupinus_bvb_20_1_8122021_07.qgd,cafc7396-3329-4a2d-9d85-c9ec3e9b7653,2276,158966873,FALSE,FALSE,FALSE,6,8,Bellview Bench,39.00648,-107.02795,3200,NA,179.02353871560058
1213,Lupinus_bvb_20_2_8122021_08.qgd,Lupinus_210812.txt,Lupinus_bvb_20_2_8122021_08,floral,Lupinus_bvb_20_2_8122021_08,Lupinus,bvb,20,2,8122021,08,NA,2021-08-12T09:12:11Z,2021-08-12T20:30:18Z,2021-08-12T20:46:07Z,2021-08-12T20:30:18Z,Desorbed NA,8,8,8,8,0,949,NA,C:/GCMSsolution/Data/Project1/Campbell RMBL Data/Lupinus argenteus/Lupinus_bvb_20_2_8122021_08.qgd,cafc7396-3329-4a2d-9d85-c9ec3e9b7653,2313,192840851,FALSE,FALSE,FALSE,6,8,Bellview Bench,39.00648,-107.02795,3200,NA,244.7263082741381
1211,Lupinus_bvb_20_3_8122021_06.qgd,Lupinus_210812.txt,Lupinus_bvb_20_3_8122021_06,floral,Lupinus_bvb_20_3_8122021_06,Lupinus,bvb,20,3,8122021,06,NA,2021-08-12T09:12:11Z,2021-08-12T19:13:49Z,2021-08-12T19:29:37Z,2021-08-12T19:13:49Z,Desorbed NA,6,6,6,6,0,948,NA,C:/GCMSsolution/Data/Project1/Campbell RMBL Data/Lupinus argenteus/Lupinus_bvb_20_3_8122021_06.qgd,cafc7396-3329-4a2d-9d85-c9ec3e9b7653,2255,1067248031,FALSE,FALSE,FALSE,5,8,Bellview Bench,39.00648,-107.02795,3200,NA,87.08806047629142
1237,Lupinus_bvb_20_9_8132021_12.qgd,Lupinus_210813.txt,Lupinus_bvb_20_4_8132021_11,floral,Lupinus_bvb_20_4_8132021_11,Lupinus,bvb,20,4,8132021,11,NA,2021-08-13T06:42:36Z,2021-08-13T20:21:59Z,2021-08-13T20:37:49Z,2021-08-13T20:21:59Z,Desorbed NA,12,12,12,12,0,950,NA,C:/GCMSsolution/Data/Project1/Campbell RMBL Data/Lupinus argenteus/Lupinus_bvb_20_9_8132021_12.qgd,47ed1b17-a106-4bed-960a-ea8c80770b21,2230,916929498,FALSE,FALSE,FALSE,5,8,Bellview Bench,39.00648,-107.02795,3200,NA,53.620214162643855
1236,Lupinus_bvb_20_4_8132021_11.qgd,Lupinus_210813.txt,Lupinus_bvb_20_5_8132021_10,floral,Lupinus_bvb_20_5_8132021_10,Lupinus,bvb,20,5,8132021,10,NA,2021-08-13T06:42:36Z,2021-08-13T19:44:49Z,2021-08-13T19:59:43Z,2021-08-13T19:44:49Z,Desorbed NA,11,11,11,11,0,894,NA,C:/GCMSsolution/Data/Project1/Campbell RMBL Data/Lupinus argenteus/Lupinus_bvb_20_4_8132021_11.qgd,47ed1b17-a106-4bed-960a-ea8c80770b21,2324,142465957,FALSE,FALSE,FALSE,6,8,Bellview Bench,39.00648,-107.02795,3200,NA,39.464785114715035
1214,Lupinus_bvb_20_6_8122021_09.qgd,Lupinus_210812.txt,Lupinus_bvb_20_6_8122021_09,floral,Lupinus_bvb_20_6_8122021_09,Lupinus,bvb,20,6,8122021,09,NA,2021-08-12T09:12:11Z,2021-08-12T21:09:33Z,2021-08-12T21:25:09Z,2021-08-12T21:09:33Z,Desorbed NA,9,9,9,9,0,936,NA,C:/GCMSsolution/Data/Project1/Campbell RMBL Data/Lupinus argenteus/Lupinus_bvb_20_6_8122021_09.qgd,cafc7396-3329-4a2d-9d85-c9ec3e9b7653,2355,478456573,FALSE,FALSE,FALSE,5,8,Bellview Bench,39.00648,-107.02795,3200,NA,620.9132978340908
1240,Lupinus_lerb_20_9_8132021_15.qgd,Lupinus_210813.txt,Lupinus_bvb_20_7_8132021_14,floral,Lupinus_bvb_20_7_8132021_14,Lupinus,bvb,20,7,8132021,14,NA,2021-08-13T06:42:36Z,2021-08-13T22:21:12Z,2021-08-13T22:37:01Z,2021-08-13T22:21:12Z,Desorbed NA,15,15,15,15,0,949,NA,C:/GCMSsolution/Data/Project1/Campbell RMBL Data/Lupinus argenteus/Lupinus_lerb_20_9_8132021_15.qgd,47ed1b17-a106-4bed-960a-ea8c80770b21,2427,1077963970,FALSE,FALSE,FALSE,5,8,Bellview Bench,39.00648,-107.02795,3200,NA,195.48163495481847
1239,Lupinus_bvb_20_7_8132021_14.qgd,Lupinus_210813.txt,Lupinus_bvb_20_8_8132021_13,floral,Lupinus_bvb_20_8_8132021_13,Lupinus,bvb,20,8,8132021,13,NA,2021-08-13T06:42:36Z,2021-08-13T21:40:45Z,2021-08-13T21:56:18Z,2021-08-13T21:40:45Z,Desorbed NA,14,14,14,14,0,933,NA,C:/GCMSsolution/Data/Project1/Campbell RMBL Data/Lupinus argenteus/Lupinus_bvb_20_7_8132021_14.qgd,47ed1b17-a106-4bed-960a-ea8c80770b21,2385,227437178,FALSE,FALSE,FALSE,6,8,Bellview Bench,39.00648,-107.02795,3200,NA,151.06131293882194
1238,Lupinus_bvb_20_8_8132021_13.qgd,Lupinus_210813.txt,Lupinus_bvb_20_9_8132021_12,floral,Lupinus_bvb_20_9_8132021_12,Lupinus,bvb,20,9,8132021,12,NA,2021-08-13T06:42:36Z,2021-08-13T21:01:00Z,2021-08-13T21:16:48Z,2021-08-13T21:01:00Z,Desorbed NA,13,13,13,13,0,948,NA,C:/GCMSsolution/Data/Project1/Campbell RMBL Data/Lupinus argenteus/Lupinus_bvb_20_8_8132021_13.qgd,47ed1b17-a106-4bed-960a-ea8c80770b21,2341,836928815,FALSE,FALSE,FALSE,5,8,Bellview Bench,39.00648,-107.02795,3200,NA,43.389674716484464
1234,Lupinus_chs_20_3_8132021_09.qgd,Lupinus_210813.txt,Lupinus_chs_20_1_8132021_08,floral,Lupinus_chs_20_1_8132021_08,Lupinus,chs,20,1,8132021,08,NA,2021-08-13T06:42:36Z,2021-08-13T18:29:11Z,2021-08-13T18:44:45Z,2021-08-13T18:29:11Z,Desorbed NA,9,9,9,9,0,934,NA,C:/GCMSsolution/Data/Project1/Campbell RMBL Data/Lupinus argenteus/Lupinus_chs_20_3_8132021_09.qgd,47ed1b17-a106-4bed-960a-ea8c80770b21,2239,1068206050,FALSE,FALSE,FALSE,5,14,Currant Hill,NA,NA,3420,elev unknown,104.42701546173431
1231,Lupinus_chs_20_air_1_8132021_06.qgd,Lupinus_210813.txt,Lupinus_chs_20_2_8132021_05,floral,Lupinus_chs_20_2_8132021_05,Lupinus,chs,20,2,8132021,05,NA,2021-08-13T06:42:36Z,2021-08-13T16:38:53Z,2021-08-13T16:54:42Z,2021-08-13T16:38:53Z,Desorbed NA,6,6,6,6,0,949,NA,C:/GCMSsolution/Data/Project1/Campbell RMBL Data/Lupinus argenteus/Lupinus_chs_20_air_1_8132021_06.qgd,47ed1b17-a106-4bed-960a-ea8c80770b21,2142,882571336,FALSE,FALSE,FALSE,5,14,Currant Hill,NA,NA,3420,elev unknown,89.97328120185483
1235,Lupinus_bvb_20_5_8132021_10.qgd,Lupinus_210813.txt,Lupinus_chs_20_3_8132021_09,floral,Lupinus_chs_20_3_8132021_09,Lupinus,chs,20,3,8132021,09,NA,2021-08-13T06:42:36Z,2021-08-13T19:06:05Z,2021-08-13T19:21:53Z,2021-08-13T19:06:05Z,Desorbed NA,10,10,10,10,0,948,NA,C:/GCMSsolution/Data/Project1/Campbell RMBL Data/Lupinus argenteus/Lupinus_bvb_20_5_8132021_10.qgd,47ed1b17-a106-4bed-960a-ea8c80770b21,2214,234652199,FALSE,FALSE,FALSE,6,14,Currant Hill,NA,NA,3420,elev unknown,113.98609369063668
1233,Lupinus_chs_20_1_8132021_08.qgd,Lupinus_210813.txt,Lupinus_chs_20_4_8132021_07,floral,Lupinus_chs_20_4_8132021_07,Lupinus,chs,20,4,8132021,07,NA,2021-08-13T06:42:36Z,2021-08-13T17:51:52Z,2021-08-13T18:07:39Z,2021-08-13T17:51:52Z,Desorbed NA,8,8,8,8,0,947,NA,C:/GCMSsolution/Data/Project1/Campbell RMBL Data/Lupinus argenteus/Lupinus_chs_20_1_8132021_08.qgd,47ed1b17-a106-4bed-960a-ea8c80770b21,2203,921837634,FALSE,FALSE,FALSE,5,14,Currant Hill,NA,NA,3420,elev unknown,307.0809002128208
1229,Lupinus_eml_20_2_8132021_04.qgd,Lupinus_210813.txt,Lupinus_eml_20_1_8132021_03,floral,Lupinus_eml_20_1_8132021_03,Lupinus,eml,20,1,8132021,03,NA,2021-08-13T06:42:36Z,2021-08-13T15:28:14Z,2021-08-13T15:43:25Z,2021-08-13T15:28:14Z,Desorbed NA,4,4,4,4,0,911,NA,C:/GCMSsolution/Data/Project1/Campbell RMBL Data/Lupinus argenteus/Lupinus_eml_20_2_8132021_04.qgd,47ed1b17-a106-4bed-960a-ea8c80770b21,2104.5,1092327589,FALSE,FALSE,FALSE,5,6,Emerald Lake,NA,NA,3190,elev approximate,2263.2536859684014
1230,Lupinus_chs_20_2_8132021_05.qgd,Lupinus_210813.txt,Lupinus_eml_20_2_8132021_04,floral,Lupinus_eml_20_2_8132021_04,Lupinus,eml,20,2,8132021,04,NA,2021-08-13T06:42:36Z,2021-08-13T16:03:11Z,2021-08-13T16:18:47Z,2021-08-13T16:03:11Z,Desorbed NA,5,5,5,5,0,936,NA,C:/GCMSsolution/Data/Project1/Campbell RMBL Data/Lupinus argenteus/Lupinus_chs_20_2_8132021_05.qgd,47ed1b17-a106-4bed-960a-ea8c80770b21,2097,912897515,FALSE,FALSE,FALSE,5,6,Emerald Lake,NA,NA,3190,elev approximate,76.46436758107926
1196,Lupinus_eml_20_3_8112021_11.qgd,Lupinus_210811.txt,Lupinus_eml_20_3_8112021_11,floral,Lupinus_eml_20_3_8112021_11,Lupinus,eml,20,3,8112021,11,NA,2021-08-11T10:31:50Z,2021-08-11T23:49:34Z,2021-08-12T00:04:25Z,2021-08-11T23:49:34Z,Desorbed NA,11,11,11,11,0,891,NA,C:/GCMSsolution/Data/Project1/Campbell RMBL Data/Lupinus argenteus/Lupinus_eml_20_3_8112021_11.qgd,2ae0ef0d-3fec-412c-813b-c25499b5b77c,2411,124280634,FALSE,FALSE,FALSE,6,6,Emerald Lake,NA,NA,3190,elev approximate,60.31995074615883
1199,Lupinus_eml_20_4_8112021_14.qgd,Lupinus_210811.txt,Lupinus_eml_20_4_8112021_14,floral,Lupinus_eml_20_4_8112021_14,Lupinus,eml,20,4,8112021,14,NA,2021-08-11T10:31:50Z,2021-08-12T01:45:47Z,2021-08-12T02:01:30Z,2021-08-12T01:45:47Z,Desorbed NA,14,14,14,14,0,943,NA,C:/GCMSsolution/Data/Project1/Campbell RMBL Data/Lupinus argenteus/Lupinus_eml_20_4_8112021_14.qgd,2ae0ef0d-3fec-412c-813b-c25499b5b77c,2305,689051059,FALSE,FALSE,FALSE,5,6,Emerald Lake,NA,NA,3190,elev approximate,9.12733869837563
1198,Lupinus_eml_20_5_8112021_13.qgd,Lupinus_210811.txt,Lupinus_eml_20_5_8112021_13,floral,Lupinus_eml_20_5_8112021_13,Lupinus,eml,20,5,8112021,13,NA,2021-08-11T10:31:50Z,2021-08-12T01:07:22Z,2021-08-12T01:23:06Z,2021-08-12T01:07:22Z,Desorbed NA,13,13,13,13,0,944,NA,C:/GCMSsolution/Data/Project1/Campbell RMBL Data/Lupinus argenteus/Lupinus_eml_20_5_8112021_13.qgd,2ae0ef0d-3fec-412c-813b-c25499b5b77c,2352,170616941,FALSE,FALSE,FALSE,6,6,Emerald Lake,NA,NA,3190,elev approximate,86.52881505130055
1201,Lupinus_eml_20_6_8112021_16.qgd,Lupinus_210811.txt,Lupinus_eml_20_6_8112021_16,floral,Lupinus_eml_20_6_8112021_16,Lupinus,eml,20,6,8112021,16,NA,2021-08-11T10:31:50Z,2021-08-12T03:00:40Z,2021-08-12T03:16:27Z,2021-08-12T03:00:40Z,Desorbed NA,16,16,16,16,0,947,NA,C:/GCMSsolution/Data/Project1/Campbell RMBL Data/Lupinus argenteus/Lupinus_eml_20_6_8112021_16.qgd,2ae0ef0d-3fec-412c-813b-c25499b5b77c,2226,498847166,FALSE,FALSE,FALSE,5,6,Emerald Lake,NA,NA,3190,elev approximate,3.520230327603537
1202,Lupinus_eml_20_7_8112021_17.qgd,Lupinus_210811.txt,Lupinus_eml_20_7_8112021_17,floral,Lupinus_eml_20_7_8112021_17,Lupinus,eml,20,7,8112021,17,NA,2021-08-11T10:31:50Z,2021-08-12T03:37:10Z,2021-08-12T03:52:48Z,2021-08-12T03:37:10Z,Desorbed NA,17,17,17,17,0,938,NA,C:/GCMSsolution/Data/Project1/Campbell RMBL Data/Lupinus argenteus/Lupinus_eml_20_7_8112021_17.qgd,2ae0ef0d-3fec-412c-813b-c25499b5b77c,2190,172271746,FALSE,FALSE,FALSE,6,6,Emerald Lake,NA,NA,3190,elev approximate,369.22809840115366
1200,Lupinus_eml_20_8_8112021_15.qgd,Lupinus_210811.txt,Lupinus_eml_20_8_8112021_15,floral,Lupinus_eml_20_8_8112021_15,Lupinus,eml,20,8,8112021,15,NA,2021-08-11T10:31:50Z,2021-08-12T02:23:34Z,2021-08-12T02:39:24Z,2021-08-12T02:23:34Z,Desorbed NA,15,15,15,15,0,950,NA,C:/GCMSsolution/Data/Project1/Campbell RMBL Data/Lupinus argenteus/Lupinus_eml_20_8_8112021_15.qgd,2ae0ef0d-3fec-412c-813b-c25499b5b77c,2267,163866726,FALSE,FALSE,FALSE,6,6,Emerald Lake,NA,NA,3190,elev approximate,115.78380491064459
1244,Lupinus_brc_20_air_1_8132021_19.qgd,Lupinus_210813.txt,Lupinus_lerb_20_2_8132021_18,floral,Lupinus_lerb_20_2_8132021_18,Lupinus,lerb,20,2,8132021,18,NA,2021-08-13T06:42:36Z,2021-08-14T01:00:23Z,2021-08-14T01:16:14Z,2021-08-14T01:00:23Z,Desorbed NA,19,19,19,19,0,951,NA,C:/GCMSsolution/Data/Project1/Campbell RMBL Data/Lupinus argenteus/Lupinus_brc_20_air_1_8132021_19.qgd,47ed1b17-a106-4bed-960a-ea8c80770b21,2338,475721609,FALSE,FALSE,FALSE,5,2,East River Bridge,38.95225,-106.98946,2863,"Lower ERB, merge with ERB",8.0361336068989
1217,Lupinus_lerb_20_3_8122021_12.qgd,Lupinus_210812.txt,Lupinus_lerb_20_3_8122021_12,floral,Lupinus_lerb_20_3_8122021_12,Lupinus,lerb,20,3,8122021,12,NA,2021-08-12T09:12:11Z,2021-08-12T23:08:05Z,2021-08-12T23:23:46Z,2021-08-12T23:08:05Z,Desorbed NA,12,12,12,12,0,941,NA,C:/GCMSsolution/Data/Project1/Campbell RMBL Data/Lupinus argenteus/Lupinus_lerb_20_3_8122021_12.qgd,cafc7396-3329-4a2d-9d85-c9ec3e9b7653,2288,786945357,FALSE,FALSE,FALSE,5,2,East River Bridge,38.95225,-106.98946,2863,"Lower ERB, merge with ERB",5.800797287858396
1247,Lupinus_lerb_20_4_8142021_02.qgd,Lupinus20_SC_Lagg21_210814.txt,Lupinus_lerb_20_4_8142021_02,floral,Lupinus_lerb_20_4_8142021_02,Lupinus,lerb,20,4,8142021,02,NA,2021-08-14T07:25:31Z,2021-08-14T15:01:00Z,2021-08-14T15:16:49Z,2021-08-14T15:01:00Z,Desorbed NA,2,2,2,2,0,949,NA,C:/GCMSsolution/Data/Project1/Campbell RMBL Data/Ipomopsis 2020/Lupinus_lerb_20_4_8142021_02.qgd,5edabd56-3b80-437b-a16a-03e8258d7b41,1826,141588233,FALSE,FALSE,FALSE,6,2,East River Bridge,38.95225,-106.98946,2863,"Lower ERB, merge with ERB",39.3061225688352
1249,Lupinus_lerb_20_5_8142021_04.qgd,Lupinus20_SC_Lagg21_210814.txt,Lupinus_lerb_20_5_8142021_04,floral,Lupinus_lerb_20_5_8142021_04,Lupinus,lerb,20,5,8142021,04,NA,2021-08-14T07:25:31Z,2021-08-14T16:11:59Z,2021-08-14T16:27:48Z,2021-08-14T16:11:59Z,Desorbed NA,4,4,4,4,0,949,NA,C:/GCMSsolution/Data/Project1/Campbell RMBL Data/Ipomopsis 2020/Lupinus_lerb_20_5_8142021_04.qgd,5edabd56-3b80-437b-a16a-03e8258d7b41,2143,836595576,FALSE,FALSE,FALSE,5,2,East River Bridge,38.95225,-106.98946,2863,"Lower ERB, merge with ERB",79.60352785068211
1221,Lupinus_lerb_20_6_8122021_16.qgd,Lupinus_210812.txt,Lupinus_lerb_20_6_8122021_16,floral,Lupinus_lerb_20_6_8122021_16,Lupinus,lerb,20,6,8122021,16,NA,2021-08-12T09:12:11Z,2021-08-13T01:42:59Z,2021-08-13T01:58:47Z,2021-08-13T01:42:59Z,Desorbed NA,16,16,16,16,0,948,NA,C:/GCMSsolution/Data/Project1/Campbell RMBL Data/Lupinus argenteus/Lupinus_lerb_20_6_8122021_16.qgd,cafc7396-3329-4a2d-9d85-c9ec3e9b7653,2301,183666100,FALSE,FALSE,FALSE,6,2,East River Bridge,38.95225,-106.98946,2863,"Lower ERB, merge with ERB",49.78280373906402
1219,Lupinus_lerb_20_7_8122021_14.qgd,Lupinus_210812.txt,Lupinus_lerb_20_7_8122021_14,floral,Lupinus_lerb_20_7_8122021_14,Lupinus,lerb,20,7,8122021,14,NA,2021-08-12T09:12:11Z,2021-08-13T00:26:04Z,2021-08-13T00:41:52Z,2021-08-13T00:26:04Z,Desorbed NA,14,14,14,14,0,948,NA,C:/GCMSsolution/Data/Project1/Campbell RMBL Data/Lupinus argenteus/Lupinus_lerb_20_7_8122021_14.qgd,cafc7396-3329-4a2d-9d85-c9ec3e9b7653,2347,279660306,FALSE,FALSE,FALSE,6,2,East River Bridge,38.95225,-106.98946,2863,"Lower ERB, merge with ERB",75.80317639494555
1223,Lupinus_lerb_20_8_8122021_18.qgd,Lupinus_210812.txt,Lupinus_lerb_20_8_8122021_18,floral,Lupinus_lerb_20_8_8122021_18,Lupinus,lerb,20,8,8122021,18,NA,2021-08-12T09:12:11Z,2021-08-13T02:57:33Z,2021-08-13T03:13:21Z,2021-08-13T02:57:33Z,Desorbed NA,18,18,18,18,0,948,NA,C:/GCMSsolution/Data/Project1/Campbell RMBL Data/Lupinus argenteus/Lupinus_lerb_20_8_8122021_18.qgd,cafc7396-3329-4a2d-9d85-c9ec3e9b7653,2219,702997578,FALSE,FALSE,FALSE,5,2,East River Bridge,38.95225,-106.98946,2863,"Lower ERB, merge with ERB",79.03717697016401
1242,Lupinus_brc_20_8_8132021_17.qgd,Lupinus_210813.txt,Lupinus_lerb_20_8_8132021_16,floral,Lupinus_lerb_20_8_8132021_16,Lupinus,lerb,20,8,8132021,16,NA,2021-08-13T06:42:36Z,2021-08-13T23:41:50Z,2021-08-13T23:57:42Z,2021-08-13T23:41:50Z,Desorbed NA,17,17,17,17,0,952,NA,C:/GCMSsolution/Data/Project1/Campbell RMBL Data/Lupinus argenteus/Lupinus_brc_20_8_8132021_17.qgd,47ed1b17-a106-4bed-960a-ea8c80770b21,2392,1180013186,FALSE,FALSE,FALSE,5,2,East River Bridge,38.95225,-106.98946,2863,"Lower ERB, merge with ERB",95.1845343743078
1241,Lupinus_lerb_20_8_8132021_16.qgd,Lupinus_210813.txt,Lupinus_lerb_20_9_8132021_15,floral,Lupinus_lerb_20_9_8132021_15,Lupinus,lerb,20,9,8132021,15,NA,2021-08-13T06:42:36Z,2021-08-13T23:01:58Z,2021-08-13T23:17:46Z,2021-08-13T23:01:58Z,Desorbed NA,16,16,16,16,0,948,NA,C:/GCMSsolution/Data/Project1/Campbell RMBL Data/Lupinus argenteus/Lupinus_lerb_20_8_8132021_16.qgd,47ed1b17-a106-4bed-960a-ea8c80770b21,2446,167442255,FALSE,FALSE,FALSE,6,2,East River Bridge,38.95225,-106.98946,2863,"Lower ERB, merge with ERB",218.8970075585305
1248,Lupinus_npb_20_1_8142021_03.qgd,Lupinus20_SC_Lagg21_210814.txt,Lupinus_npb_20_1_8142021_03,floral,Lupinus_npb_20_1_8142021_03,Lupinus,npb,20,1,8142021,03,NA,2021-08-14T07:25:31Z,2021-08-14T15:36:16Z,2021-08-14T15:52:07Z,2021-08-14T15:36:16Z,Desorbed NA,3,3,3,3,0,951,NA,C:/GCMSsolution/Data/Project1/Campbell RMBL Data/Ipomopsis 2020/Lupinus_npb_20_1_8142021_03.qgd,5edabd56-3b80-437b-a16a-03e8258d7b41,2116,1118317153,FALSE,FALSE,FALSE,5,13,North Pole Basin,NA,NA,3380,elev unknown,1013.5285177435223
1210,Lupinus_npb_20_2_8122021_05.qgd,Lupinus_210812.txt,Lupinus_npb_20_2_8122021_05,floral,Lupinus_npb_20_2_8122021_05,Lupinus,npb,20,2,8122021,05,NA,2021-08-12T09:12:11Z,2021-08-12T18:36:14Z,2021-08-12T18:52:01Z,2021-08-12T18:36:14Z,Desorbed NA,5,5,5,5,0,947,NA,C:/GCMSsolution/Data/Project1/Campbell RMBL Data/Lupinus argenteus/Lupinus_npb_20_2_8122021_05.qgd,cafc7396-3329-4a2d-9d85-c9ec3e9b7653,2170,238608422,FALSE,FALSE,FALSE,6,13,North Pole Basin,NA,NA,3380,elev unknown,1155.699799421232
1207,Lupinus_npb_20_3_8122021_02.qgd,Lupinus_210812.txt,Lupinus_npb_20_3_8122021_02,floral,Lupinus_npb_20_3_8122021_02,Lupinus,npb,20,3,8122021,02,NA,2021-08-12T09:12:11Z,2021-08-12T16:47:36Z,2021-08-12T17:03:25Z,2021-08-12T16:47:36Z,Desorbed NA,2,2,2,2,0,949,NA,C:/GCMSsolution/Data/Project1/Campbell RMBL Data/Lupinus argenteus/Lupinus_npb_20_3_8122021_02.qgd,cafc7396-3329-4a2d-9d85-c9ec3e9b7653,1827,296922860,FALSE,FALSE,FALSE,6,13,North Pole Basin,NA,NA,3380,elev unknown,1807.548523552683
1205,Lupinus_npb_20_4_8112021_20.qgd,Lupinus_210811.txt,Lupinus_npb_20_4_8112021_20,floral,Lupinus_npb_20_4_8112021_20,Lupinus,npb,20,4,8112021,20,NA,2021-08-11T10:31:50Z,2021-08-12T05:26:43Z,2021-08-12T05:42:33Z,2021-08-12T05:26:43Z,Desorbed NA,20,20,20,20,0,950,NA,C:/GCMSsolution/Data/Project1/Campbell RMBL Data/Lupinus argenteus/Lupinus_npb_20_4_8112021_20.qgd,2ae0ef0d-3fec-412c-813b-c25499b5b77c,3117,287864917,FALSE,FALSE,FALSE,6,13,North Pole Basin,NA,NA,3380,elev unknown,1303.2153397849345
1203,Lupinus_npb_20_5_8112021_18.qgd,Lupinus_210811.txt,Lupinus_npb_20_5_8112021_18,floral,Lupinus_npb_20_5_8112021_18,Lupinus,npb,20,5,8112021,18,NA,2021-08-11T10:31:50Z,2021-08-12T04:14:03Z,2021-08-12T04:29:47Z,2021-08-12T04:14:03Z,Desorbed NA,18,18,18,18,0,944,NA,C:/GCMSsolution/Data/Project1/Campbell RMBL Data/Lupinus argenteus/Lupinus_npb_20_5_8112021_18.qgd,2ae0ef0d-3fec-412c-813b-c25499b5b77c,2213,126260060,FALSE,FALSE,FALSE,6,13,North Pole Basin,NA,NA,3380,elev unknown,44.65467146140317
1560,Lupinus_npb_20_6_8112021_19.qgd,Lupinus_210811.txt,Lupinus_npb_20_6_8112021_19,floral,Lupinus_npb_20_6_8112021_19,Lupinus,npb,20,6,8112021,19,NA,NA,NA,2021-08-12T05:06:20Z,2021-08-12T05:06:20Z,NA NA,NA,NA,19,19,NA,NA,NA,C:/GCMSsolution/Data/Project1/Campbell RMBL Data/Lupinus argenteus/Lupinus_npb_20_6_8112021_19.qgd,NA,NA,784295020,FALSE,FALSE,FALSE,5,13,North Pole Basin,NA,NA,3380,elev unknown,46.2787141830356
10144,mar1_08282019.qgd,NA,mar1_08282019,floral,NA,NA,mar,19,1,8282019,NA,0,2019-08-28T22:00:39Z,2019-08-29T07:23:16Z,2019-08-29T07:28:35Z,2019-08-29T07:23:16Z,Desorbed NA,5,5,NA,5,NA,319,NA,C:/GCMSsolution/Data/Project1/Campbell RMBL Data/Lupinus argenteus/mar1_08282019.qgd,9be50aa8-4f31-45cb-ad34-b18d82cc8bb7,2141,313926289,FALSE,FALSE,FALSE,1,7,Marmot Mesa,39.00485,-107.03181,3128,NA,163.46356664383308
10153,mar10_08282019.qgd,NA,mar10_08282019,floral,NA,NA,mar,19,10,8282019,NA,0,2019-08-28T22:00:39Z,2019-08-29T12:44:28Z,2019-08-29T12:49:45Z,2019-08-29T12:44:28Z,Desorbed NA,14,14,NA,14,NA,317,NA,C:/GCMSsolution/Data/Project1/Campbell RMBL Data/Lupinus argenteus/mar10_08282019.qgd,9be50aa8-4f31-45cb-ad34-b18d82cc8bb7,2139,286761410,FALSE,FALSE,FALSE,1,7,Marmot Mesa,39.00485,-107.03181,3128,NA,72.7497162901493
10145,mar2_08282019.qgd,NA,mar2_08282019,floral,NA,NA,mar,19,2,8282019,NA,0,2019-08-28T22:00:39Z,2019-08-29T07:58:59Z,2019-08-29T08:04:18Z,2019-08-29T07:58:59Z,Desorbed NA,6,6,NA,6,NA,319,NA,C:/GCMSsolution/Data/Project1/Campbell RMBL Data/Lupinus argenteus/mar2_08282019.qgd,9be50aa8-4f31-45cb-ad34-b18d82cc8bb7,2143,256815305,FALSE,TRUE,TRUE,2,7,Marmot Mesa,39.00485,-107.03181,3128,NA,29.29490191361847
10146,mar3_08282019.qgd,NA,mar3_08282019,floral,NA,NA,mar,19,3,8282019,NA,0,2019-08-28T22:00:39Z,2019-08-29T08:34:51Z,2019-08-29T08:40:10Z,2019-08-29T08:34:51Z,Desorbed NA,7,7,NA,7,NA,319,NA,C:/GCMSsolution/Data/Project1/Campbell RMBL Data/Lupinus argenteus/mar3_08282019.qgd,9be50aa8-4f31-45cb-ad34-b18d82cc8bb7,2152,275678566,FALSE,FALSE,FALSE,1,7,Marmot Mesa,39.00485,-107.03181,3128,NA,141.71554200888562
10147,mar4_08282019.qgd,NA,mar4_08282019,floral,NA,NA,mar,19,4,8282019,NA,0,2019-08-28T22:00:39Z,2019-08-29T09:10:35Z,2019-08-29T09:15:53Z,2019-08-29T09:10:35Z,Desorbed NA,8,8,NA,8,NA,318,NA,C:/GCMSsolution/Data/Project1/Campbell RMBL Data/Lupinus argenteus/mar4_08282019.qgd,9be50aa8-4f31-45cb-ad34-b18d82cc8bb7,2144,250624637,FALSE,TRUE,TRUE,2,7,Marmot Mesa,39.00485,-107.03181,3128,NA,189.19382774634002
10148,mar5_08282019.qgd,NA,mar5_08282019,floral,NA,NA,mar,19,5,8282019,NA,0,2019-08-28T22:00:39Z,2019-08-29T09:46:19Z,2019-08-29T09:51:36Z,2019-08-29T09:46:19Z,Desorbed NA,9,9,NA,9,NA,317,NA,C:/GCMSsolution/Data/Project1/Campbell RMBL Data/Lupinus argenteus/mar5_08282019.qgd,9be50aa8-4f31-45cb-ad34-b18d82cc8bb7,2144,239006273,FALSE,TRUE,TRUE,2,7,Marmot Mesa,39.00485,-107.03181,3128,NA,15.876089108296798
10149,mar6_08282019.qgd,NA,mar6_08282019,floral,NA,NA,mar,19,6,8282019,NA,0,2019-08-28T22:00:39Z,2019-08-29T10:22:08Z,2019-08-29T10:27:14Z,2019-08-29T10:22:08Z,Desorbed NA,10,10,NA,10,NA,306,NA,C:/GCMSsolution/Data/Project1/Campbell RMBL Data/Lupinus argenteus/mar6_08282019.qgd,9be50aa8-4f31-45cb-ad34-b18d82cc8bb7,2149,226559190,FALSE,TRUE,TRUE,2,7,Marmot Mesa,39.00485,-107.03181,3128,NA,15.518423355673894
10150,mar7_08282019.qgd,NA,mar7_08282019,floral,NA,NA,mar,19,7,8282019,NA,0,2019-08-28T22:00:39Z,2019-08-29T10:58:26Z,2019-08-29T11:02:41Z,2019-08-29T10:58:26Z,Desorbed NA,11,11,NA,11,NA,255,NA,C:/GCMSsolution/Data/Project1/Campbell RMBL Data/Lupinus argenteus/mar7_08282019.qgd,9be50aa8-4f31-45cb-ad34-b18d82cc8bb7,2178,253899006,FALSE,FALSE,FALSE,1,7,Marmot Mesa,39.00485,-107.03181,3128,NA,81.8511403158741
10151,mar8_08282019.qgd,NA,mar8_08282019,floral,NA,NA,mar,19,8,8282019,NA,0,2019-08-28T22:00:39Z,2019-08-29T11:33:09Z,2019-08-29T11:38:27Z,2019-08-29T11:33:09Z,Desorbed NA,12,12,NA,12,NA,318,NA,C:/GCMSsolution/Data/Project1/Campbell RMBL Data/Lupinus argenteus/mar8_08282019.qgd,9be50aa8-4f31-45cb-ad34-b18d82cc8bb7,2083,218040372,FALSE,TRUE,TRUE,2,7,Marmot Mesa,39.00485,-107.03181,3128,NA,5.112219638269748
10152,mar9_08282019.qgd,NA,mar9_08282019,floral,NA,NA,mar,19,9,8282019,NA,0,2019-08-28T22:00:39Z,2019-08-29T12:08:49Z,2019-08-29T12:14:10Z,2019-08-29T12:08:49Z,Desorbed NA,13,13,NA,13,NA,321,NA,C:/GCMSsolution/Data/Project1/Campbell RMBL Data/Lupinus argenteus/mar9_08282019.qgd,9be50aa8-4f31-45cb-ad34-b18d82cc8bb7,2140,221090741,FALSE,TRUE,TRUE,2,7,Marmot Mesa,39.00485,-107.03181,3128,NA,18.86677471766027
10175,mex1_08292019am.qgd,NA,mex1_08292019am,floral,NA,NA,mex,19,1,8292019,NA,1,2019-08-29T10:24:18Z,2019-08-30T02:36:03Z,2019-08-30T02:41:18Z,2019-08-30T02:36:03Z,Desorbed NA,16,16,NA,16,NA,315,NA,C:/GCMSsolution/Data/Project1/Campbell RMBL Data/Lupinus argenteus/mex1_08292019am.qgd,22389d36-133d-4a55-920c-4596e17eee76,2207,483191873,FALSE,FALSE,FALSE,1,10,Mexican Cut Turnoff,39.01546,-107.04955,3258,NA,3139.428216286317
10176,mex2_08292019am.qgd,NA,mex2_08292019am,floral,NA,NA,mex,19,2,8292019,NA,0,2019-08-29T10:24:18Z,2019-08-30T03:12:39Z,2019-08-30T03:17:53Z,2019-08-30T03:12:39Z,Desorbed NA,17,17,NA,17,NA,314,NA,C:/GCMSsolution/Data/Project1/Campbell RMBL Data/Lupinus argenteus/mex2_08292019am.qgd,22389d36-133d-4a55-920c-4596e17eee76,2196,259384898,FALSE,TRUE,TRUE,2,10,Mexican Cut Turnoff,39.01546,-107.04955,3258,NA,39.58005857743287
10177,mex3_08292019am.qgd,NA,mex3_08292019am,floral,NA,NA,mex,19,3,8292019,NA,0,2019-08-29T10:24:18Z,2019-08-30T03:49:05Z,2019-08-30T03:54:22Z,2019-08-30T03:49:05Z,Desorbed NA,18,18,NA,18,NA,317,NA,C:/GCMSsolution/Data/Project1/Campbell RMBL Data/Lupinus argenteus/mex3_08292019am.qgd,22389d36-133d-4a55-920c-4596e17eee76,2186,259924784,FALSE,TRUE,TRUE,2,10,Mexican Cut Turnoff,39.01546,-107.04955,3258,NA,23.06092588407282
10178,mex4_08292019am.qgd,NA,mex4_08292019am,floral,NA,NA,mex,19,4,8292019,NA,1,2019-08-29T10:24:18Z,2019-08-30T04:25:34Z,2019-08-30T04:30:43Z,2019-08-30T04:25:34Z,Desorbed NA,19,19,NA,19,NA,309,NA,C:/GCMSsolution/Data/Project1/Campbell RMBL Data/Lupinus argenteus/mex4_08292019am.qgd,22389d36-133d-4a55-920c-4596e17eee76,2189,324823774,FALSE,FALSE,FALSE,1,10,Mexican Cut Turnoff,39.01546,-107.04955,3258,NA,226.84446807869784
10179,mex5_08292019am.qgd,NA,mex5_08292019am,floral,NA,NA,mex,19,5,8292019,NA,0,2019-08-29T10:24:18Z,2019-08-30T05:01:35Z,2019-08-30T05:06:43Z,2019-08-30T05:01:35Z,Desorbed NA,20,20,NA,20,NA,308,NA,C:/GCMSsolution/Data/Project1/Campbell RMBL Data/Lupinus argenteus/mex5_08292019am.qgd,22389d36-133d-4a55-920c-4596e17eee76,2161,265272271,FALSE,FALSE,FALSE,1,10,Mexican Cut Turnoff,39.01546,-107.04955,3258,NA,33.9575652694832
10181,mex6_08292019pm.qgd,NA,mex6_08292019pm,floral,NA,NA,mex,19,6,8292019,NA,1,2019-08-29T23:07:09Z,2019-08-30T06:42:31Z,2019-08-30T06:47:50Z,2019-08-30T06:42:31Z,Desorbed NA,2,2,NA,2,NA,319,NA,C:/GCMSsolution/Data/Project1/Campbell RMBL Data/Lupinus argenteus/mex6_08292019pm.qgd,39685a14-1ca8-4d9e-a820-ef733a36fc62,1831,354287880,FALSE,FALSE,FALSE,1,10,Mexican Cut Turnoff,39.01546,-107.04955,3258,NA,1078.6908429571088
10198,ypo1_08292019pm.qgd,NA,ypo1_08292019pm,floral,NA,NA,ypo,19,1,8292019,NA,1,2019-08-29T23:07:09Z,2019-08-30T16:47:19Z,2019-08-30T16:52:26Z,2019-08-30T16:47:19Z,Desorbed NA,19,19,NA,19,NA,307,NA,C:/GCMSsolution/Data/Project1/Campbell RMBL Data/Lupinus argenteus/ypo1_08292019pm.qgd,39685a14-1ca8-4d9e-a820-ef733a36fc62,2144,394428526,FALSE,FALSE,FALSE,1,17,Yule Pass Trailhead,38.99218,-107.06788,3500,NA,891.0267933855221
10199,ypo2_08292019pm.qgd,NA,ypo2_08292019pm,floral,NA,NA,ypo,19,2,8292019,NA,1,2019-08-29T23:07:09Z,2019-08-30T17:23:12Z,2019-08-30T17:28:30Z,2019-08-30T17:23:12Z,Desorbed NA,20,20,NA,20,NA,318,NA,C:/GCMSsolution/Data/Project1/Campbell RMBL Data/Lupinus argenteus/ypo2_08292019pm.qgd,39685a14-1ca8-4d9e-a820-ef733a36fc62,2153,392646303,FALSE,FALSE,FALSE,1,17,Yule Pass Trailhead,38.99218,-107.06788,3500,NA,780.7409830862478
10201,ypo3_08302019am.qgd,NA,ypo3_08302019am,floral,NA,NA,ypo,19,3,8302019,NA,1,2019-08-30T11:17:10Z,2019-08-30T18:52:28Z,2019-08-30T18:57:45Z,2019-08-30T18:52:28Z,Desorbed NA,2,2,NA,2,NA,317,NA,C:/GCMSsolution/Data/Project1/Campbell RMBL Data/Lupinus argenteus/ypo3_08302019am.qgd,4087e644-ad58-45df-88e4-b4d30f9b2cce,1828,297949654,FALSE,FALSE,FALSE,1,17,Yule Pass Trailhead,38.99218,-107.06788,3500,NA,43.40464496618831
10202,ypo4_08302019am.qgd,NA,ypo4_08302019am,floral,NA,NA,ypo,19,4,8302019,NA,1,2019-08-30T11:17:10Z,2019-08-30T19:28:59Z,2019-08-30T19:34:15Z,2019-08-30T19:28:59Z,Desorbed NA,3,3,NA,3,NA,316,NA,C:/GCMSsolution/Data/Project1/Campbell RMBL Data/Lupinus argenteus/ypo4_08302019am.qgd,4087e644-ad58-45df-88e4-b4d30f9b2cce,2191,284409424,FALSE,FALSE,FALSE,1,17,Yule Pass Trailhead,38.99218,-107.06788,3500,NA,59.85988282763079
