sequence.start,Desorb.Start.Time,CreationTime,eithertime,status,Tube,markes_n,GC_n,either_n,markes_GC,create_desorb,FileName,user,FullName,id,desorb.Start.diff,rowSum,nameBlank,Mixup,kBlank,Cluster
2017-08-25T07:22:12Z,2017-08-25T14:28:17Z,2017-08-25T14:23:23Z,2017-08-25T14:23:23Z,Desorbed NA,1,1,NA,1,NA,294,Blank_08252017.qgd,Blank : RMBL,C:/GCMSsolution/Data/Project1/Campbell RMBL Data/Other species - Campbell/Blank_08252017.qgd,bf3978ae-d01b-4a56-bb25-1051fc9841b9,34639,NA,NA,NA,NA,NA
2017-08-25T07:22:12Z,2017-08-25T15:01:55Z,2017-08-25T15:05:50Z,2017-08-25T15:01:55Z,Leak-test failure High Pressure Leak Failure,2,2,NA,2,NA,234.5,HVleafJul30redo_08252017.qgd,NA,C:/GCMSsolution/Data/Project1/Campbell RMBL Data/Other species - Campbell/HVleafJul30redo_08252017.qgd,bf3978ae-d01b-4a56-bb25-1051fc9841b9,2018.5,NA,NA,NA,NA,NA
2017-08-25T07:22:12Z,2017-08-25T15:35:34Z,2017-08-25T15:42:02Z,2017-08-25T15:35:34Z,Desorbed NA,3,3,NA,3,NA,388,AMleafAug5_08252017.qgd,NA,C:/GCMSsolution/Data/Project1/Campbell RMBL Data/Other species - Campbell/AMleafAug5_08252017.qgd,bf3978ae-d01b-4a56-bb25-1051fc9841b9,2018.5,NA,NA,NA,NA,NA
2017-08-25T07:22:12Z,2017-08-25T16:11:50Z,2017-08-25T16:18:44Z,2017-08-25T16:11:50Z,Desorbed NA,4,4,NA,4,NA,414,ESleafJul30_08252017.qgd,NA,C:/GCMSsolution/Data/Project1/Campbell RMBL Data/Other species - Campbell/ESleafJul30_08252017.qgd,bf3978ae-d01b-4a56-bb25-1051fc9841b9,2176,NA,NA,NA,NA,NA
2017-08-25T07:22:12Z,2017-08-25T16:48:38Z,2017-08-25T16:55:44Z,2017-08-25T16:48:38Z,Desorbed NA,5,5,NA,5,NA,426,GBleafAug5_08252017.qgd,NA,C:/GCMSsolution/Data/Project1/Campbell RMBL Data/Other species - Campbell/GBleafAug5_08252017.qgd,bf3978ae-d01b-4a56-bb25-1051fc9841b9,2208,NA,NA,NA,NA,NA
2017-08-25T07:22:12Z,2017-08-25T17:25:30Z,2017-08-25T17:32:34Z,2017-08-25T17:25:30Z,Desorbed NA,6,6,NA,6,NA,424,ACleafAug5_08252017.qgd,NA,C:/GCMSsolution/Data/Project1/Campbell RMBL Data/Other species - Campbell/ACleafAug5_08252017.qgd,bf3978ae-d01b-4a56-bb25-1051fc9841b9,2212,NA,NA,NA,NA,NA
2017-08-25T07:22:12Z,2017-08-25T18:02:31Z,2017-08-25T17:50:32Z,2017-08-25T17:50:32Z,Desorbed NA,7,7,NA,7,NA,719,STD3uL0.01_07252017anal.qgd,Standard : RMBL,C:/GCMSsolution/Data/Project1/Campbell RMBL Data/Ipomopsis/STD3uL0.01_07252017anal.qgd,bf3978ae-d01b-4a56-bb25-1051fc9841b9,2221,NA,NA,NA,NA,NA
2017-08-25T07:22:12Z,2017-08-25T18:02:31Z,2017-08-25T18:09:33Z,2017-08-25T18:02:31Z,Desorbed NA,7,7,NA,7,NA,422,Blank2_08252017.qgd,Blank : RMBL,C:/GCMSsolution/Data/Project1/Campbell RMBL Data/Other species - Campbell/Blank2_08252017.qgd,bf3978ae-d01b-4a56-bb25-1051fc9841b9,0,NA,NA,NA,NA,NA
2017-08-25T07:22:12Z,2017-08-25T18:39:37Z,2017-08-25T18:46:41Z,2017-08-25T18:39:37Z,Desorbed NA,8,8,NA,8,NA,424,Lupine1Aug3L_08252017.qgd,NA,C:/GCMSsolution/Data/Project1/Campbell RMBL Data/Other species - Campbell/Lupine1Aug3L_08252017.qgd,bf3978ae-d01b-4a56-bb25-1051fc9841b9,2226,407340100,FALSE,FALSE,FALSE,4
2017-08-25T07:22:12Z,2017-08-25T19:16:47Z,2017-08-25T19:23:53Z,2017-08-25T19:16:47Z,Desorbed NA,9,9,NA,9,NA,426,Lupine2Aug3L_08252017.qgd,NA,C:/GCMSsolution/Data/Project1/Campbell RMBL Data/Other species - Campbell/Lupine2Aug3L_08252017.qgd,bf3978ae-d01b-4a56-bb25-1051fc9841b9,2230,534248886,FALSE,FALSE,FALSE,4
2017-08-25T07:22:12Z,2017-08-25T19:54:14Z,2017-08-25T20:01:18Z,2017-08-25T19:54:14Z,Desorbed NA,10,10,NA,10,NA,424,LupineR1Aug20_08252017.qgd,NA,C:/GCMSsolution/Data/Project1/Campbell RMBL Data/Other species - Campbell/LupineR1Aug20_08252017.qgd,bf3978ae-d01b-4a56-bb25-1051fc9841b9,2247,309655604,FALSE,FALSE,FALSE,4
2017-08-25T07:22:12Z,NA,NA,NA,NA NA,11,11,NA,11,NA,NA,NA,NA,NA,bf3978ae-d01b-4a56-bb25-1051fc9841b9,NA,NA,NA,NA,NA,NA
2017-08-25T14:26:21Z,NA,NA,NA,Leak-test failure High Pressure Leak Failure,2,1,NA,1,NA,NA,NA,NA,NA,5566bfb7-2c2e-4e15-a0a6-628b8e21f7bb,NA,NA,NA,NA,NA,NA
2017-08-25T14:26:21Z,2017-08-25T21:54:01Z,2017-08-25T22:00:31Z,2017-08-25T21:54:01Z,Desorbed NA,3,2,NA,2,NA,390,LupineR2Aug20redo_08252017.qgd,NA,C:/GCMSsolution/Data/Project1/Campbell RMBL Data/Other species - Campbell/LupineR2Aug20redo_08252017.qgd,5566bfb7-2c2e-4e15-a0a6-628b8e21f7bb,NA,262082968,FALSE,FALSE,FALSE,4
2017-08-25T14:26:21Z,2017-08-25T22:31:35Z,2017-08-25T22:38:41Z,2017-08-25T22:31:35Z,Desorbed NA,4,3,NA,3,NA,426,LupineR3Aug20_08252017.qgd,NA,C:/GCMSsolution/Data/Project1/Campbell RMBL Data/Other species - Campbell/LupineR3Aug20_08252017.qgd,5566bfb7-2c2e-4e15-a0a6-628b8e21f7bb,2254,255559175,FALSE,FALSE,FALSE,4
2017-08-25T14:26:21Z,2017-08-25T23:10:07Z,2017-08-25T23:17:10Z,2017-08-25T23:10:07Z,Desorbed NA,5,4,NA,4,NA,423,LupineR4Aug20_08252017.qgd,NA,C:/GCMSsolution/Data/Project1/Campbell RMBL Data/Other species - Campbell/LupineR4Aug20_08252017.qgd,5566bfb7-2c2e-4e15-a0a6-628b8e21f7bb,2312,299516729,FALSE,FALSE,FALSE,4
2017-08-25T14:26:21Z,2017-08-25T23:48:47Z,2017-08-25T23:55:54Z,2017-08-25T23:48:47Z,Desorbed NA,6,5,NA,5,NA,427,Lupine3Aug3_08252017.qgd,NA,C:/GCMSsolution/Data/Project1/Campbell RMBL Data/Other species - Campbell/Lupine3Aug3_08252017.qgd,5566bfb7-2c2e-4e15-a0a6-628b8e21f7bb,2320,320152258,FALSE,FALSE,FALSE,4
2017-08-25T14:26:21Z,2017-08-26T00:27:45Z,2017-08-26T00:34:47Z,2017-08-26T00:27:45Z,Desorbed NA,7,6,NA,6,NA,422,Lupine4Aug3_08252017.qgd,NA,C:/GCMSsolution/Data/Project1/Campbell RMBL Data/Other species - Campbell/Lupine4Aug3_08252017.qgd,5566bfb7-2c2e-4e15-a0a6-628b8e21f7bb,2338,363002139,FALSE,FALSE,FALSE,4
2017-08-26T07:48:32Z,2017-08-26T14:53:26Z,2017-08-26T14:49:28Z,2017-08-26T14:49:28Z,Desorbed NA,1,1,NA,1,NA,238,Blank_08262017.qgd,Blank : RMBL,C:/GCMSsolution/Data/Project1/Campbell RMBL Data/Other species - Campbell/Blank_08262017.qgd,2a728d80-1a6e-44e0-9cc6-a4c6eca1c7d9,51941,NA,NA,NA,NA,NA
2017-08-26T07:48:32Z,2017-08-26T15:26:36Z,2017-08-26T15:30:51Z,2017-08-26T15:26:36Z,Leak-test failure High Pressure Leak Failure,2,2,NA,2,NA,255,HVleafJul30redo3_08262017.qgd,NA,C:/GCMSsolution/Data/Project1/Campbell RMBL Data/Other species - Campbell/HVleafJul30redo3_08262017.qgd,2a728d80-1a6e-44e0-9cc6-a4c6eca1c7d9,1990,NA,NA,NA,NA,NA
2017-08-26T07:48:32Z,2017-08-26T15:59:46Z,2017-08-26T16:06:17Z,2017-08-26T15:59:46Z,Desorbed NA,3,3,NA,3,NA,391,AirAug3_08262017.qgd,NA,C:/GCMSsolution/Data/Project1/Campbell RMBL Data/Other species - Campbell/AirAug3_08262017.qgd,2a728d80-1a6e-44e0-9cc6-a4c6eca1c7d9,1990,NA,NA,NA,NA,NA
2017-08-26T07:48:32Z,2017-08-26T16:36:15Z,2017-08-26T16:43:20Z,2017-08-26T16:36:15Z,Desorbed NA,4,4,NA,4,NA,425,Lupine5Aug3L_08262017.qgd,NA,C:/GCMSsolution/Data/Project1/Campbell RMBL Data/Other species - Campbell/Lupine5Aug3L_08262017.qgd,2a728d80-1a6e-44e0-9cc6-a4c6eca1c7d9,2189,246343902,FALSE,FALSE,FALSE,4
2017-08-26T07:48:32Z,2017-08-26T17:14:53Z,2017-08-26T17:21:53Z,2017-08-26T17:14:53Z,Desorbed NA,5,5,NA,5,NA,420,AirAug20_08262017.qgd,NA,C:/GCMSsolution/Data/Project1/Campbell RMBL Data/Other species - Campbell/AirAug20_08262017.qgd,2a728d80-1a6e-44e0-9cc6-a4c6eca1c7d9,2318,NA,NA,NA,NA,NA
2017-08-26T07:48:32Z,2017-08-26T17:52:02Z,2017-08-26T17:59:01Z,2017-08-26T17:52:02Z,Desorbed NA,6,6,NA,6,NA,419,AirAug9_08262017.qgd,NA,C:/GCMSsolution/Data/Project1/Campbell RMBL Data/Other species - Campbell/AirAug9_08262017.qgd,2a728d80-1a6e-44e0-9cc6-a4c6eca1c7d9,2229,NA,NA,NA,NA,NA
2017-08-26T07:48:32Z,2017-08-26T18:29:17Z,2017-08-26T18:36:21Z,2017-08-26T18:29:17Z,Desorbed NA,7,7,NA,7,NA,424,AMAug9_08262017.qgd,NA,C:/GCMSsolution/Data/Project1/Campbell RMBL Data/Other species - Campbell/AMAug9_08262017.qgd,2a728d80-1a6e-44e0-9cc6-a4c6eca1c7d9,2235,NA,NA,NA,NA,NA
2017-08-26T07:48:32Z,2017-08-26T19:06:41Z,2017-08-26T19:13:45Z,2017-08-26T19:06:41Z,Desorbed NA,8,8,NA,8,NA,424,GBAug9_08262017.qgd,NA,C:/GCMSsolution/Data/Project1/Campbell RMBL Data/Other species - Campbell/GBAug9_08262017.qgd,2a728d80-1a6e-44e0-9cc6-a4c6eca1c7d9,2244,NA,NA,NA,NA,NA
2017-08-26T07:48:32Z,2017-08-26T19:44:15Z,2017-08-26T19:51:18Z,2017-08-26T19:44:15Z,Desorbed NA,9,9,NA,9,NA,423,HVAug9_08262017.qgd,NA,C:/GCMSsolution/Data/Project1/Campbell RMBL Data/Other species - Campbell/HVAug9_08262017.qgd,2a728d80-1a6e-44e0-9cc6-a4c6eca1c7d9,2254,NA,NA,NA,NA,NA
2017-08-26T07:48:32Z,2017-08-26T20:22:10Z,2017-08-26T20:29:21Z,2017-08-26T20:22:10Z,Desorbed NA,10,10,NA,10,NA,431,CRAug9_08262017.qgd,NA,C:/GCMSsolution/Data/Project1/Campbell RMBL Data/Other species - Campbell/CRAug9_08262017.qgd,2a728d80-1a6e-44e0-9cc6-a4c6eca1c7d9,2275,NA,NA,NA,NA,NA
2017-08-26T07:48:32Z,2017-08-26T21:01:35Z,2017-08-26T21:07:45Z,2017-08-26T21:01:35Z,Desorbed NA,11,11,NA,11,NA,370,ACAug9_08262017.qgd,NA,C:/GCMSsolution/Data/Project1/Campbell RMBL Data/Other species - Campbell/ACAug9_08262017.qgd,2a728d80-1a6e-44e0-9cc6-a4c6eca1c7d9,2365,NA,NA,NA,NA,NA
2017-08-26T07:48:32Z,2017-08-26T21:39:41Z,2017-08-26T21:46:51Z,2017-08-26T21:39:41Z,Desorbed NA,12,12,NA,12,NA,430,ESAug9_08262017.qgd,NA,C:/GCMSsolution/Data/Project1/Campbell RMBL Data/Other species - Campbell/ESAug9_08262017.qgd,2a728d80-1a6e-44e0-9cc6-a4c6eca1c7d9,2286,NA,NA,NA,NA,NA
2017-08-26T07:48:32Z,2017-08-26T22:19:06Z,2017-08-26T22:26:10Z,2017-08-26T22:19:06Z,Desorbed NA,13,13,NA,13,NA,424,AirAug25_08262017.qgd,NA,C:/GCMSsolution/Data/Project1/Campbell RMBL Data/Other species - Campbell/AirAug25_08262017.qgd,2a728d80-1a6e-44e0-9cc6-a4c6eca1c7d9,2365,NA,NA,NA,NA,NA
2017-08-26T07:48:32Z,2017-08-26T22:58:36Z,2017-08-26T23:05:42Z,2017-08-26T22:58:36Z,Desorbed NA,14,14,NA,14,NA,426,HM1Aug25_08262017.qgd,NA,C:/GCMSsolution/Data/Project1/Campbell RMBL Data/Other species - Campbell/HM1Aug25_08262017.qgd,2a728d80-1a6e-44e0-9cc6-a4c6eca1c7d9,2370,NA,NA,NA,NA,NA
2017-08-26T07:48:32Z,2017-08-26T23:38:18Z,2017-08-26T23:45:23Z,2017-08-26T23:38:18Z,Desorbed NA,15,15,NA,15,NA,425,HM2Aug25_08262017.qgd,NA,C:/GCMSsolution/Data/Project1/Campbell RMBL Data/Other species - Campbell/HM2Aug25_08262017.qgd,2a728d80-1a6e-44e0-9cc6-a4c6eca1c7d9,2382,NA,NA,NA,NA,NA
2017-08-26T07:48:32Z,2017-08-27T00:18:02Z,2017-08-27T00:25:10Z,2017-08-27T00:18:02Z,Desorbed NA,16,16,NA,16,NA,428,Blank2_08262017.qgd,Blank : RMBL,C:/GCMSsolution/Data/Project1/Campbell RMBL Data/Other species - Campbell/Blank2_08262017.qgd,2a728d80-1a6e-44e0-9cc6-a4c6eca1c7d9,2384,NA,NA,NA,NA,NA
2018-08-20T08:33:56Z,2018-08-20T15:38:53Z,2018-08-20T15:37:17Z,2018-08-20T15:37:17Z,Desorbed NA,1,1,NA,1,NA,96,Blank_08202018.qgd,Blank : RMBL,C:/GCMSsolution/Data/Project1/Campbell RMBL Data/Lupinus argenteus/Blank_08202018.qgd,d411aaf6-db84-426d-a90c-107814d8bc4a,142695,323974268,TRUE,FALSE,TRUE,7
2018-08-20T08:33:56Z,2018-08-20T16:09:27Z,2018-08-20T16:19:30Z,2018-08-20T16:09:27Z,Desorbed NA,2,2,NA,2,NA,603,AirBellNAug16_08202018.qgd,NA,C:/GCMSsolution/Data/Project1/Campbell RMBL Data/Lupinus argenteus/AirBellNAug16_08202018.qgd,d411aaf6-db84-426d-a90c-107814d8bc4a,1834,69893678,FALSE,FALSE,FALSE,3
2018-08-20T08:33:56Z,2018-08-20T16:45:02Z,2018-08-20T16:55:09Z,2018-08-20T16:45:02Z,Desorbed NA,3,3,NA,3,NA,607,BellNLeaf38Aug16_08202018.qgd,NA,C:/GCMSsolution/Data/Project1/Campbell RMBL Data/Lupinus argenteus/BellNLeaf38Aug16_08202018.qgd,d411aaf6-db84-426d-a90c-107814d8bc4a,2135,76209750,FALSE,FALSE,FALSE,3
2018-08-20T08:33:56Z,2018-08-20T17:20:46Z,2018-08-20T17:30:52Z,2018-08-20T17:20:46Z,Desorbed NA,4,4,NA,4,NA,606,BellNLeaf40Aug16_08202018.qgd,NA,C:/GCMSsolution/Data/Project1/Campbell RMBL Data/Lupinus argenteus/BellNLeaf40Aug16_08202018.qgd,d411aaf6-db84-426d-a90c-107814d8bc4a,2144,38232514,FALSE,FALSE,FALSE,3
2018-08-20T08:33:56Z,2018-08-20T17:56:40Z,2018-08-20T18:06:44Z,2018-08-20T17:56:40Z,Desorbed NA,5,5,NA,5,NA,604,BellNFlr40Aug16_08202018.qgd,NA,C:/GCMSsolution/Data/Project1/Campbell RMBL Data/Lupinus argenteus/BellNFlr40Aug16_08202018.qgd,d411aaf6-db84-426d-a90c-107814d8bc4a,2154,83207532,FALSE,FALSE,FALSE,3
2018-08-20T08:33:56Z,2018-08-20T18:32:47Z,2018-08-20T18:42:53Z,2018-08-20T18:32:47Z,Desorbed NA,6,6,NA,6,NA,606,BellNFlr35Aug16_08202018.qgd,NA,C:/GCMSsolution/Data/Project1/Campbell RMBL Data/Lupinus argenteus/BellNFlr35Aug16_08202018.qgd,d411aaf6-db84-426d-a90c-107814d8bc4a,2167,109308775,FALSE,FALSE,FALSE,3
2018-08-20T08:33:56Z,2018-08-20T19:09:16Z,2018-08-20T19:19:19Z,2018-08-20T19:09:16Z,Desorbed NA,7,7,NA,7,NA,603,BellNFlr30Aug16_08202018.qgd,NA,C:/GCMSsolution/Data/Project1/Campbell RMBL Data/Lupinus argenteus/BellNFlr30Aug16_08202018.qgd,d411aaf6-db84-426d-a90c-107814d8bc4a,2189,120118764,FALSE,FALSE,FALSE,3
2018-08-20T08:33:56Z,2018-08-20T19:46:03Z,2018-08-20T19:56:07Z,2018-08-20T19:46:03Z,Desorbed NA,8,8,NA,8,NA,604,BellNFlr38Aug16_08202018.qgd,NA,C:/GCMSsolution/Data/Project1/Campbell RMBL Data/Lupinus argenteus/BellNFlr38Aug16_08202018.qgd,d411aaf6-db84-426d-a90c-107814d8bc4a,2207,91163699,FALSE,FALSE,FALSE,3
2018-08-20T08:33:56Z,2018-08-20T20:23:09Z,2018-08-20T20:33:12Z,2018-08-20T20:23:09Z,Desorbed NA,9,9,NA,9,NA,603,BellNFlr31Aug16_08202018.qgd,NA,C:/GCMSsolution/Data/Project1/Campbell RMBL Data/Lupinus argenteus/BellNFlr31Aug16_08202018.qgd,d411aaf6-db84-426d-a90c-107814d8bc4a,2226,43371296,FALSE,FALSE,FALSE,3
2018-08-20T08:33:56Z,2018-08-20T21:00:33Z,2018-08-20T21:10:26Z,2018-08-20T21:00:33Z,Desorbed NA,10,10,NA,10,NA,593,BellNFlr34Aug16_08202018.qgd,NA,C:/GCMSsolution/Data/Project1/Campbell RMBL Data/Lupinus argenteus/BellNFlr34Aug16_08202018.qgd,d411aaf6-db84-426d-a90c-107814d8bc4a,2244,62908427,FALSE,FALSE,FALSE,3
2018-08-20T08:33:56Z,2018-08-20T21:38:04Z,2018-08-20T21:47:05Z,2018-08-20T21:38:04Z,Desorbed NA,11,11,NA,11,NA,541,BellNFlr33Aug16_08202018.qgd,NA,C:/GCMSsolution/Data/Project1/Campbell RMBL Data/Lupinus argenteus/BellNFlr33Aug16_08202018.qgd,d411aaf6-db84-426d-a90c-107814d8bc4a,2251,71407237,FALSE,FALSE,FALSE,3
2018-08-20T08:33:56Z,2018-08-20T22:14:07Z,2018-08-20T22:24:10Z,2018-08-20T22:14:07Z,Desorbed NA,12,12,NA,12,NA,603,BellNFlr42Aug16_08202018.qgd,NA,C:/GCMSsolution/Data/Project1/Campbell RMBL Data/Lupinus argenteus/BellNFlr42Aug16_08202018.qgd,d411aaf6-db84-426d-a90c-107814d8bc4a,2163,60811245,FALSE,FALSE,FALSE,3
2018-08-20T08:33:56Z,2018-08-20T22:51:25Z,2018-08-20T23:01:27Z,2018-08-20T22:51:25Z,Desorbed NA,13,13,NA,13,NA,602,BellNFlr39Aug16_08202018.qgd,NA,C:/GCMSsolution/Data/Project1/Campbell RMBL Data/Lupinus argenteus/BellNFlr39Aug16_08202018.qgd,d411aaf6-db84-426d-a90c-107814d8bc4a,2238,71181434,FALSE,FALSE,FALSE,3
2018-08-20T08:33:56Z,2018-08-20T23:28:59Z,2018-08-20T23:39:02Z,2018-08-20T23:28:59Z,Desorbed NA,14,14,NA,14,NA,603,BellNFlr32Aug16_08202018.qgd,NA,C:/GCMSsolution/Data/Project1/Campbell RMBL Data/Lupinus argenteus/BellNFlr32Aug16_08202018.qgd,d411aaf6-db84-426d-a90c-107814d8bc4a,2254,134085336,FALSE,FALSE,FALSE,3
2018-08-20T08:33:56Z,2018-08-21T00:06:36Z,2018-08-21T00:16:41Z,2018-08-21T00:06:36Z,Desorbed NA,15,15,NA,15,NA,605,BellNBeetleAug16_08202018.qgd,NA,C:/GCMSsolution/Data/Project1/Campbell RMBL Data/Lupinus argenteus/BellNBeetleAug16_08202018.qgd,d411aaf6-db84-426d-a90c-107814d8bc4a,2257,67065877,FALSE,FALSE,FALSE,3
2018-08-20T08:33:56Z,2018-08-21T00:44:10Z,2018-08-21T00:54:11Z,2018-08-21T00:44:10Z,Desorbed NA,16,16,NA,16,NA,601,AirBellNAug18_08202018.qgd,NA,C:/GCMSsolution/Data/Project1/Campbell RMBL Data/Lupinus argenteus/AirBellNAug18_08202018.qgd,d411aaf6-db84-426d-a90c-107814d8bc4a,2254,53428368,FALSE,FALSE,FALSE,3
2018-08-20T08:33:56Z,2018-08-21T01:21:34Z,2018-08-21T01:31:41Z,2018-08-21T01:21:34Z,Desorbed NA,17,17,NA,17,NA,607,BellNFlr29Aug18_08202018.qgd,NA,C:/GCMSsolution/Data/Project1/Campbell RMBL Data/Lupinus argenteus/BellNFlr29Aug18_08202018.qgd,d411aaf6-db84-426d-a90c-107814d8bc4a,2244,74297839,FALSE,FALSE,FALSE,3
2018-08-20T08:33:56Z,2018-08-21T01:58:55Z,2018-08-21T02:08:58Z,2018-08-21T01:58:55Z,Desorbed NA,18,18,NA,18,NA,603,BellNFlr27Aug18_08202018.qgd,NA,C:/GCMSsolution/Data/Project1/Campbell RMBL Data/Lupinus argenteus/BellNFlr27Aug18_08202018.qgd,d411aaf6-db84-426d-a90c-107814d8bc4a,2241,70567854,FALSE,FALSE,FALSE,3
2018-08-20T08:33:56Z,2018-08-21T02:36:02Z,2018-08-21T02:45:58Z,2018-08-21T02:36:02Z,Desorbed NA,19,19,NA,19,NA,596,BellNFlr44Aug18_08202018.qgd,NA,C:/GCMSsolution/Data/Project1/Campbell RMBL Data/Lupinus argenteus/BellNFlr44Aug18_08202018.qgd,d411aaf6-db84-426d-a90c-107814d8bc4a,2227,100185167,FALSE,FALSE,FALSE,3
2018-08-20T08:33:56Z,2018-08-21T12:52:26Z,NA,2018-08-21T12:52:26Z,Leak-test failure High Pressure Leak Failure,20,20,NA,20,NA,NA,NA,NA,NA,d411aaf6-db84-426d-a90c-107814d8bc4a,36984,NA,NA,NA,NA,NA
2018-08-21T16:05:06Z,2018-08-21T23:08:50Z,2018-08-21T23:09:34Z,2018-08-21T23:08:50Z,Desorbed NA,1,1,NA,1,NA,44,Blank_08212018.qgd,Blank : RMBL,C:/GCMSsolution/Data/Project1/Campbell RMBL Data/Lupinus argenteus/Blank_08212018.qgd,2e43b46b-71c5-4665-8059-da737c3a4a10,36984,164567224,TRUE,FALSE,TRUE,7
2018-08-21T16:05:06Z,2018-08-21T23:39:15Z,2018-08-21T23:49:24Z,2018-08-21T23:39:15Z,Desorbed NA,2,2,NA,2,NA,609,BellNFlr45Aug18retry_08212018.qgd,NA,C:/GCMSsolution/Data/Project1/Campbell RMBL Data/Lupinus argenteus/BellNFlr45Aug18retry_08212018.qgd,2e43b46b-71c5-4665-8059-da737c3a4a10,1825,118894078,FALSE,FALSE,FALSE,3
2018-08-21T16:05:06Z,2018-08-22T00:15:17Z,2018-08-22T00:25:28Z,2018-08-22T00:15:17Z,Desorbed NA,3,3,NA,3,NA,611,BellNFlr46Aug18_08212018.qgd,NA,C:/GCMSsolution/Data/Project1/Campbell RMBL Data/Lupinus argenteus/BellNFlr46Aug18_08212018.qgd,2e43b46b-71c5-4665-8059-da737c3a4a10,2162,90780177,FALSE,FALSE,FALSE,3
2018-08-21T16:05:06Z,2018-08-22T00:51:25Z,2018-08-22T01:01:27Z,2018-08-22T00:51:25Z,Desorbed NA,4,4,NA,4,NA,602,BellNFlr48Aug18_08212018.qgd,NA,C:/GCMSsolution/Data/Project1/Campbell RMBL Data/Lupinus argenteus/BellNFlr48Aug18_08212018.qgd,2e43b46b-71c5-4665-8059-da737c3a4a10,2168,86904735,FALSE,FALSE,FALSE,3
2018-08-21T16:05:06Z,2018-08-22T01:27:17Z,2018-08-22T01:37:25Z,2018-08-22T01:27:17Z,Desorbed NA,5,5,NA,5,NA,608,BellNBeetleAug18_08212018.qgd,NA,C:/GCMSsolution/Data/Project1/Campbell RMBL Data/Lupinus argenteus/BellNBeetleAug18_08212018.qgd,2e43b46b-71c5-4665-8059-da737c3a4a10,2152,99748572,FALSE,FALSE,FALSE,3
2019-08-28T08:45:49Z,2019-08-28T15:50:42Z,2019-08-28T15:44:38Z,2019-08-28T15:44:38Z,Desorbed NA,1,1,NA,1,NA,364,Blank_08282019.qgd,Blank : RMBL,C:/GCMSsolution/Data/Project1/Campbell RMBL Data/Lupinus argenteus/Blank_08282019.qgd,cffb1e93-951d-4d26-a300-f7e37b497793,36767,227880126,TRUE,FALSE,TRUE,2
2019-08-28T08:45:49Z,2019-08-28T16:21:05Z,2019-08-28T16:26:24Z,2019-08-28T16:21:05Z,Desorbed NA,2,2,NA,2,NA,319,ERB1_08282019.qgd,NA,C:/GCMSsolution/Data/Project1/Campbell RMBL Data/Lupinus argenteus/ERB1_08282019.qgd,cffb1e93-951d-4d26-a300-f7e37b497793,1823,295391244,FALSE,TRUE,TRUE,2
2019-08-28T08:45:49Z,2019-08-28T16:56:35Z,2019-08-28T17:01:51Z,2019-08-28T16:56:35Z,Desorbed NA,3,3,NA,3,NA,316,ERB2_08282019.qgd,NA,C:/GCMSsolution/Data/Project1/Campbell RMBL Data/Lupinus argenteus/ERB2_08282019.qgd,cffb1e93-951d-4d26-a300-f7e37b497793,2130,317139516,FALSE,TRUE,TRUE,2
2019-08-28T08:45:49Z,2019-08-28T17:32:12Z,2019-08-28T17:37:30Z,2019-08-28T17:32:12Z,Desorbed NA,4,4,NA,4,NA,318,ERB3_08282019.qgd,NA,C:/GCMSsolution/Data/Project1/Campbell RMBL Data/Lupinus argenteus/ERB3_08282019.qgd,cffb1e93-951d-4d26-a300-f7e37b497793,2137,321210783,FALSE,TRUE,TRUE,2
2019-08-28T08:45:49Z,2019-08-28T18:08:12Z,2019-08-28T18:13:31Z,2019-08-28T18:08:12Z,Desorbed NA,5,5,NA,5,NA,319,ERB4_08282019.qgd,NA,C:/GCMSsolution/Data/Project1/Campbell RMBL Data/Lupinus argenteus/ERB4_08282019.qgd,cffb1e93-951d-4d26-a300-f7e37b497793,2160,260984412,FALSE,TRUE,TRUE,2
2019-08-28T08:45:49Z,2019-08-28T18:44:39Z,2019-08-28T18:49:45Z,2019-08-28T18:44:39Z,Desorbed NA,6,6,NA,6,NA,306,ERB5_08282019.qgd,NA,C:/GCMSsolution/Data/Project1/Campbell RMBL Data/Lupinus argenteus/ERB5_08282019.qgd,cffb1e93-951d-4d26-a300-f7e37b497793,2187,298732862,FALSE,TRUE,TRUE,2
2019-08-28T08:45:49Z,2019-08-28T19:21:13Z,2019-08-28T19:26:32Z,2019-08-28T19:21:13Z,Desorbed NA,7,7,NA,7,NA,319,ERB6_08282019.qgd,NA,C:/GCMSsolution/Data/Project1/Campbell RMBL Data/Lupinus argenteus/ERB6_08282019.qgd,cffb1e93-951d-4d26-a300-f7e37b497793,2194,259316290,FALSE,TRUE,TRUE,2
2019-08-28T08:45:49Z,2019-08-28T19:58:24Z,2019-08-28T20:03:35Z,2019-08-28T19:58:24Z,Desorbed NA,8,8,NA,8,NA,311,ERB7_08282019.qgd,NA,C:/GCMSsolution/Data/Project1/Campbell RMBL Data/Lupinus argenteus/ERB7_08282019.qgd,cffb1e93-951d-4d26-a300-f7e37b497793,2231,298763853,FALSE,TRUE,TRUE,2
2019-08-28T08:45:49Z,2019-08-28T20:34:51Z,2019-08-28T20:40:05Z,2019-08-28T20:34:51Z,Desorbed NA,9,9,NA,9,NA,314,ERB8_08282019.qgd,NA,C:/GCMSsolution/Data/Project1/Campbell RMBL Data/Lupinus argenteus/ERB8_08282019.qgd,cffb1e93-951d-4d26-a300-f7e37b497793,2187,279390326,FALSE,TRUE,TRUE,2
2019-08-28T08:45:49Z,2019-08-28T21:11:39Z,2019-08-28T21:16:56Z,2019-08-28T21:11:39Z,Desorbed NA,10,10,NA,10,NA,317,ERBAIR1_08282019.qgd,NA,C:/GCMSsolution/Data/Project1/Campbell RMBL Data/Lupinus argenteus/ERBAIR1_08282019.qgd,cffb1e93-951d-4d26-a300-f7e37b497793,2208,278465712,FALSE,TRUE,TRUE,2
2019-08-28T08:45:49Z,2019-08-28T21:49:38Z,2019-08-28T21:53:51Z,2019-08-28T21:49:38Z,Desorbed NA,11,11,NA,11,NA,253,ERBAIR2_08282019.qgd,NA,C:/GCMSsolution/Data/Project1/Campbell RMBL Data/Lupinus argenteus/ERBAIR2_08282019.qgd,cffb1e93-951d-4d26-a300-f7e37b497793,2279,272472779,FALSE,TRUE,TRUE,2
2019-08-28T08:45:49Z,2019-08-28T22:15:09Z,NA,2019-08-28T22:15:09Z,NA NA,12,12,NA,12,NA,NA,NA,NA,NA,cffb1e93-951d-4d26-a300-f7e37b497793,1531,NA,NA,NA,NA,NA
2019-08-28T15:36:06Z,2019-08-28T22:40:40Z,2019-08-28T22:34:02Z,2019-08-28T22:34:02Z,Desorbed NA,12,1,NA,1,NA,398,ERB9_08282019.qgd,NA,C:/GCMSsolution/Data/Project1/Campbell RMBL Data/Lupinus argenteus/ERB9_08282019.qgd,ebaecfe7-7059-4c39-bc8f-785c21c6bbde,1531,288998401,FALSE,TRUE,TRUE,2
2019-08-28T15:36:06Z,2019-08-28T23:11:06Z,2019-08-28T23:16:13Z,2019-08-28T23:11:06Z,Desorbed NA,13,2,NA,2,NA,307,LERB1_08282019.qgd,NA,C:/GCMSsolution/Data/Project1/Campbell RMBL Data/Lupinus argenteus/LERB1_08282019.qgd,ebaecfe7-7059-4c39-bc8f-785c21c6bbde,1826,336983828,FALSE,TRUE,TRUE,2
2019-08-28T15:36:06Z,2019-08-28T23:48:42Z,2019-08-28T23:53:52Z,2019-08-28T23:48:42Z,Desorbed NA,14,3,NA,3,NA,310,LERBAIR1_08282019.qgd,NA,C:/GCMSsolution/Data/Project1/Campbell RMBL Data/Lupinus argenteus/LERBAIR1_08282019.qgd,ebaecfe7-7059-4c39-bc8f-785c21c6bbde,2256,295441772,FALSE,TRUE,TRUE,2
2019-08-28T15:36:06Z,2019-08-29T00:26:28Z,2019-08-29T00:31:34Z,2019-08-29T00:26:28Z,Desorbed NA,15,4,NA,4,NA,306,LERB2_08282019.qgd,NA,C:/GCMSsolution/Data/Project1/Campbell RMBL Data/Lupinus argenteus/LERB2_08282019.qgd,ebaecfe7-7059-4c39-bc8f-785c21c6bbde,2266,290386790,FALSE,TRUE,TRUE,2
2019-08-28T15:36:06Z,2019-08-29T01:04:07Z,2019-08-29T01:09:21Z,2019-08-29T01:04:07Z,Desorbed NA,16,5,NA,5,NA,314,LERB3_08282019.qgd,NA,C:/GCMSsolution/Data/Project1/Campbell RMBL Data/Lupinus argenteus/LERB3_08282019.qgd,ebaecfe7-7059-4c39-bc8f-785c21c6bbde,2259,281444383,FALSE,TRUE,TRUE,2
2019-08-28T15:36:06Z,2019-08-29T01:41:26Z,2019-08-29T01:46:45Z,2019-08-29T01:41:26Z,Desorbed NA,17,6,NA,6,NA,319,BVB1_08282019.qgd,NA,C:/GCMSsolution/Data/Project1/Campbell RMBL Data/Lupinus argenteus/BVB1_08282019.qgd,ebaecfe7-7059-4c39-bc8f-785c21c6bbde,2239,278598109,FALSE,FALSE,FALSE,1
2019-08-28T15:36:06Z,2019-08-29T02:18:32Z,2019-08-29T02:23:38Z,2019-08-29T02:18:32Z,Desorbed NA,18,7,NA,7,NA,306,BVB2_08282019.qgd,NA,C:/GCMSsolution/Data/Project1/Campbell RMBL Data/Lupinus argenteus/BVB2_08282019.qgd,ebaecfe7-7059-4c39-bc8f-785c21c6bbde,2226,302591926,FALSE,FALSE,FALSE,1
2019-08-28T15:36:06Z,2019-08-29T02:54:57Z,2019-08-29T03:00:13Z,2019-08-29T02:54:57Z,Desorbed NA,19,8,NA,8,NA,316,BVB3_08282019.qgd,NA,C:/GCMSsolution/Data/Project1/Campbell RMBL Data/Lupinus argenteus/BVB3_08282019.qgd,ebaecfe7-7059-4c39-bc8f-785c21c6bbde,2185,258804306,FALSE,TRUE,TRUE,2
2019-08-28T15:36:06Z,2019-08-29T03:31:43Z,2019-08-29T03:36:56Z,2019-08-29T03:31:43Z,Desorbed NA,20,9,NA,9,NA,313,BVB4_08282019.qgd,NA,C:/GCMSsolution/Data/Project1/Campbell RMBL Data/Lupinus argenteus/BVB4_08282019.qgd,ebaecfe7-7059-4c39-bc8f-785c21c6bbde,2206,265873609,FALSE,FALSE,FALSE,1
2019-08-28T22:00:39Z,2019-08-29T05:05:34Z,NA,2019-08-29T05:05:34Z,Desorbed NA,1,1,NA,1,NA,NA,NA,NA,NA,9be50aa8-4f31-45cb-ad34-b18d82cc8bb7,5631,NA,NA,NA,NA,NA
2019-08-28T22:00:39Z,2019-08-29T05:35:59Z,2019-08-29T05:41:19Z,2019-08-29T05:35:59Z,Desorbed NA,2,2,NA,2,NA,320,bbair1_08282019.qgd,NA,C:/GCMSsolution/Data/Project1/Campbell RMBL Data/Lupinus argenteus/bbair1_08282019.qgd,9be50aa8-4f31-45cb-ad34-b18d82cc8bb7,1825,223516777,FALSE,TRUE,TRUE,2
2019-08-28T22:00:39Z,2019-08-29T06:11:46Z,2019-08-29T06:17:02Z,2019-08-29T06:11:46Z,Desorbed NA,3,3,NA,3,NA,316,marair1_08282019.qgd,NA,C:/GCMSsolution/Data/Project1/Campbell RMBL Data/Lupinus argenteus/marair1_08282019.qgd,9be50aa8-4f31-45cb-ad34-b18d82cc8bb7,2147,271401372,FALSE,TRUE,TRUE,2
2019-08-28T22:00:39Z,2019-08-29T06:47:35Z,2019-08-29T06:52:42Z,2019-08-29T06:47:35Z,Desorbed NA,4,4,NA,4,NA,307,marair2_08282019.qgd,NA,C:/GCMSsolution/Data/Project1/Campbell RMBL Data/Lupinus argenteus/marair2_08282019.qgd,9be50aa8-4f31-45cb-ad34-b18d82cc8bb7,2149,274754284,FALSE,TRUE,TRUE,2
2019-08-28T22:00:39Z,2019-08-29T07:23:16Z,2019-08-29T07:28:35Z,2019-08-29T07:23:16Z,Desorbed NA,5,5,NA,5,NA,319,mar1_08282019.qgd,NA,C:/GCMSsolution/Data/Project1/Campbell RMBL Data/Lupinus argenteus/mar1_08282019.qgd,9be50aa8-4f31-45cb-ad34-b18d82cc8bb7,2141,313926289,FALSE,FALSE,FALSE,1
2019-08-28T22:00:39Z,2019-08-29T07:58:59Z,2019-08-29T08:04:18Z,2019-08-29T07:58:59Z,Desorbed NA,6,6,NA,6,NA,319,mar2_08282019.qgd,NA,C:/GCMSsolution/Data/Project1/Campbell RMBL Data/Lupinus argenteus/mar2_08282019.qgd,9be50aa8-4f31-45cb-ad34-b18d82cc8bb7,2143,256815305,FALSE,TRUE,TRUE,2
2019-08-28T22:00:39Z,2019-08-29T08:34:51Z,2019-08-29T08:40:10Z,2019-08-29T08:34:51Z,Desorbed NA,7,7,NA,7,NA,319,mar3_08282019.qgd,NA,C:/GCMSsolution/Data/Project1/Campbell RMBL Data/Lupinus argenteus/mar3_08282019.qgd,9be50aa8-4f31-45cb-ad34-b18d82cc8bb7,2152,275678566,FALSE,FALSE,FALSE,1
2019-08-28T22:00:39Z,2019-08-29T09:10:35Z,2019-08-29T09:15:53Z,2019-08-29T09:10:35Z,Desorbed NA,8,8,NA,8,NA,318,mar4_08282019.qgd,NA,C:/GCMSsolution/Data/Project1/Campbell RMBL Data/Lupinus argenteus/mar4_08282019.qgd,9be50aa8-4f31-45cb-ad34-b18d82cc8bb7,2144,250624637,FALSE,TRUE,TRUE,2
2019-08-28T22:00:39Z,2019-08-29T09:46:19Z,2019-08-29T09:51:36Z,2019-08-29T09:46:19Z,Desorbed NA,9,9,NA,9,NA,317,mar5_08282019.qgd,NA,C:/GCMSsolution/Data/Project1/Campbell RMBL Data/Lupinus argenteus/mar5_08282019.qgd,9be50aa8-4f31-45cb-ad34-b18d82cc8bb7,2144,239006273,FALSE,TRUE,TRUE,2
2019-08-28T22:00:39Z,2019-08-29T10:22:08Z,2019-08-29T10:27:14Z,2019-08-29T10:22:08Z,Desorbed NA,10,10,NA,10,NA,306,mar6_08282019.qgd,NA,C:/GCMSsolution/Data/Project1/Campbell RMBL Data/Lupinus argenteus/mar6_08282019.qgd,9be50aa8-4f31-45cb-ad34-b18d82cc8bb7,2149,226559190,FALSE,TRUE,TRUE,2
2019-08-28T22:00:39Z,2019-08-29T10:58:26Z,2019-08-29T11:02:41Z,2019-08-29T10:58:26Z,Desorbed NA,11,11,NA,11,NA,255,mar7_08282019.qgd,NA,C:/GCMSsolution/Data/Project1/Campbell RMBL Data/Lupinus argenteus/mar7_08282019.qgd,9be50aa8-4f31-45cb-ad34-b18d82cc8bb7,2178,253899006,FALSE,FALSE,FALSE,1
2019-08-28T22:00:39Z,2019-08-29T11:33:09Z,2019-08-29T11:38:27Z,2019-08-29T11:33:09Z,Desorbed NA,12,12,NA,12,NA,318,mar8_08282019.qgd,NA,C:/GCMSsolution/Data/Project1/Campbell RMBL Data/Lupinus argenteus/mar8_08282019.qgd,9be50aa8-4f31-45cb-ad34-b18d82cc8bb7,2083,218040372,FALSE,TRUE,TRUE,2
2019-08-28T22:00:39Z,2019-08-29T12:08:49Z,2019-08-29T12:14:10Z,2019-08-29T12:08:49Z,Desorbed NA,13,13,NA,13,NA,321,mar9_08282019.qgd,NA,C:/GCMSsolution/Data/Project1/Campbell RMBL Data/Lupinus argenteus/mar9_08282019.qgd,9be50aa8-4f31-45cb-ad34-b18d82cc8bb7,2140,221090741,FALSE,TRUE,TRUE,2
2019-08-28T22:00:39Z,2019-08-29T12:44:28Z,2019-08-29T12:49:45Z,2019-08-29T12:44:28Z,Desorbed NA,14,14,NA,14,NA,317,mar10_08282019.qgd,NA,C:/GCMSsolution/Data/Project1/Campbell RMBL Data/Lupinus argenteus/mar10_08282019.qgd,9be50aa8-4f31-45cb-ad34-b18d82cc8bb7,2139,286761410,FALSE,FALSE,FALSE,1
2019-08-28T22:00:39Z,2019-08-29T13:19:57Z,2019-08-29T13:25:07Z,2019-08-29T13:19:57Z,Desorbed NA,15,15,NA,15,NA,310,4011_08282019.qgd,NA,C:/GCMSsolution/Data/Project1/Campbell RMBL Data/Lupinus argenteus/4011_08282019.qgd,9be50aa8-4f31-45cb-ad34-b18d82cc8bb7,2129,273906487,FALSE,FALSE,FALSE,1
2019-08-28T22:00:39Z,2019-08-29T13:55:34Z,2019-08-29T14:00:55Z,2019-08-29T13:55:34Z,Desorbed NA,16,16,NA,16,NA,321,4012_08282019.qgd,NA,C:/GCMSsolution/Data/Project1/Campbell RMBL Data/Lupinus argenteus/4012_08282019.qgd,9be50aa8-4f31-45cb-ad34-b18d82cc8bb7,2137,252825341,FALSE,FALSE,FALSE,1
2019-08-28T22:00:39Z,2019-08-29T14:31:20Z,2019-08-29T14:36:29Z,2019-08-29T14:31:20Z,Desorbed NA,17,17,NA,17,NA,309,4013_08282019.qgd,NA,C:/GCMSsolution/Data/Project1/Campbell RMBL Data/Lupinus argenteus/4013_08282019.qgd,9be50aa8-4f31-45cb-ad34-b18d82cc8bb7,2146,275938563,FALSE,FALSE,FALSE,1
2019-08-28T22:00:39Z,2019-08-29T15:06:49Z,2019-08-29T15:12:04Z,2019-08-29T15:06:49Z,Desorbed NA,18,18,NA,18,NA,315,4014_08282019.qgd,NA,C:/GCMSsolution/Data/Project1/Campbell RMBL Data/Lupinus argenteus/4014_08282019.qgd,9be50aa8-4f31-45cb-ad34-b18d82cc8bb7,2129,279498344,FALSE,FALSE,FALSE,1
2019-08-28T22:00:39Z,2019-08-29T15:42:40Z,2019-08-29T15:48:00Z,2019-08-29T15:42:40Z,Desorbed NA,19,19,NA,19,NA,320,4015_08282019.qgd,NA,C:/GCMSsolution/Data/Project1/Campbell RMBL Data/Lupinus argenteus/4015_08282019.qgd,9be50aa8-4f31-45cb-ad34-b18d82cc8bb7,2151,280436413,FALSE,FALSE,FALSE,1
2019-08-28T22:00:39Z,2019-08-29T16:18:31Z,2019-08-29T16:23:48Z,2019-08-29T16:18:31Z,Desorbed NA,20,20,NA,20,NA,317,4016_08282019.qgd,NA,C:/GCMSsolution/Data/Project1/Campbell RMBL Data/Lupinus argenteus/4016_08282019.qgd,9be50aa8-4f31-45cb-ad34-b18d82cc8bb7,2151,261172480,FALSE,FALSE,FALSE,1
2019-08-29T10:24:18Z,2019-08-29T17:29:11Z,2019-08-29T17:23:07Z,2019-08-29T17:23:07Z,Desorbed NA,1,1,NA,1,NA,364,Blank_08292019am.qgd,Blank : RMBL,C:/GCMSsolution/Data/Project1/Campbell RMBL Data/Lupinus argenteus/Blank_08292019am.qgd,22389d36-133d-4a55-920c-4596e17eee76,4240,228359884,TRUE,FALSE,TRUE,2
2019-08-29T10:24:18Z,2019-08-29T17:59:37Z,2019-08-29T18:04:56Z,2019-08-29T17:59:37Z,Desorbed NA,2,2,NA,2,NA,319,4017_08292019am.qgd,NA,C:/GCMSsolution/Data/Project1/Campbell RMBL Data/Lupinus argenteus/4017_08292019am.qgd,22389d36-133d-4a55-920c-4596e17eee76,1826,242269649,FALSE,TRUE,TRUE,2
2019-08-29T10:24:18Z,2019-08-29T18:35:54Z,2019-08-29T18:41:01Z,2019-08-29T18:35:54Z,Desorbed NA,3,3,NA,3,NA,307,401air1_08292019am.qgd,NA,C:/GCMSsolution/Data/Project1/Campbell RMBL Data/Lupinus argenteus/401air1_08292019am.qgd,22389d36-133d-4a55-920c-4596e17eee76,2177,251130576,FALSE,TRUE,TRUE,2
2019-08-29T10:24:18Z,2019-08-29T19:12:28Z,2019-08-29T19:17:44Z,2019-08-29T19:12:28Z,Desorbed NA,4,4,NA,4,NA,316,401air2_08292019am.qgd,NA,C:/GCMSsolution/Data/Project1/Campbell RMBL Data/Lupinus argenteus/401air2_08292019am.qgd,22389d36-133d-4a55-920c-4596e17eee76,2194,262272796,FALSE,TRUE,TRUE,2
2019-08-29T10:24:18Z,2019-08-29T19:49:25Z,2019-08-29T19:54:40Z,2019-08-29T19:49:25Z,Desorbed NA,5,5,NA,5,NA,315,beetles_lerb_08292019am.qgd,NA,C:/GCMSsolution/Data/Project1/Campbell RMBL Data/Lupinus argenteus/beetles_lerb_08292019am.qgd,22389d36-133d-4a55-920c-4596e17eee76,2217,285128316,FALSE,TRUE,TRUE,2
2019-08-29T10:24:18Z,2019-08-29T20:26:24Z,2019-08-29T20:31:44Z,2019-08-29T20:26:24Z,Desorbed NA,6,6,NA,6,NA,320,thrips_elk_08292019am.qgd,NA,C:/GCMSsolution/Data/Project1/Campbell RMBL Data/Lupinus argenteus/thrips_elk_08292019am.qgd,22389d36-133d-4a55-920c-4596e17eee76,2219,321798588,FALSE,TRUE,TRUE,2
2019-08-29T10:24:18Z,2019-08-29T21:03:30Z,2019-08-29T21:08:48Z,2019-08-29T21:03:30Z,Desorbed NA,7,7,NA,7,NA,318,elkair1_08292019am.qgd,NA,C:/GCMSsolution/Data/Project1/Campbell RMBL Data/Lupinus argenteus/elkair1_08292019am.qgd,22389d36-133d-4a55-920c-4596e17eee76,2226,260547842,FALSE,TRUE,TRUE,2
2019-08-29T10:24:18Z,2019-08-29T21:40:31Z,2019-08-29T21:45:53Z,2019-08-29T21:40:31Z,Desorbed NA,8,8,NA,8,NA,322,elk1_08292019am.qgd,NA,C:/GCMSsolution/Data/Project1/Campbell RMBL Data/Lupinus argenteus/elk1_08292019am.qgd,22389d36-133d-4a55-920c-4596e17eee76,2221,344627752,FALSE,FALSE,FALSE,1
2019-08-29T10:24:18Z,2019-08-29T22:17:45Z,2019-08-29T22:23:01Z,2019-08-29T22:17:45Z,Desorbed NA,9,9,NA,9,NA,316,elk2_08292019am.qgd,NA,C:/GCMSsolution/Data/Project1/Campbell RMBL Data/Lupinus argenteus/elk2_08292019am.qgd,22389d36-133d-4a55-920c-4596e17eee76,2234,364614092,FALSE,FALSE,FALSE,1
2019-08-29T10:24:18Z,2019-08-29T22:54:46Z,2019-08-29T23:00:05Z,2019-08-29T22:54:46Z,Desorbed NA,10,10,NA,10,NA,319,elk3_08292019am.qgd,NA,C:/GCMSsolution/Data/Project1/Campbell RMBL Data/Lupinus argenteus/elk3_08292019am.qgd,22389d36-133d-4a55-920c-4596e17eee76,2221,360728168,FALSE,FALSE,FALSE,1
2019-08-29T10:24:18Z,2019-08-29T23:32:48Z,2019-08-29T23:37:09Z,2019-08-29T23:32:48Z,Desorbed NA,11,11,NA,11,NA,261,elk4_08292019am.qgd,NA,C:/GCMSsolution/Data/Project1/Campbell RMBL Data/Lupinus argenteus/elk4_08292019am.qgd,22389d36-133d-4a55-920c-4596e17eee76,2282,280936885,FALSE,FALSE,FALSE,1
2019-08-29T10:24:18Z,2019-08-30T00:08:16Z,2019-08-30T00:13:32Z,2019-08-30T00:08:16Z,Desorbed NA,12,12,NA,12,NA,316,elk5_08292019am.qgd,NA,C:/GCMSsolution/Data/Project1/Campbell RMBL Data/Lupinus argenteus/elk5_08292019am.qgd,22389d36-133d-4a55-920c-4596e17eee76,2128,312660729,FALSE,FALSE,FALSE,1
2019-08-29T10:24:18Z,2019-08-30T00:44:46Z,2019-08-30T00:50:06Z,2019-08-30T00:44:46Z,Desorbed NA,13,13,NA,13,NA,320,elk6_08292019am.qgd,NA,C:/GCMSsolution/Data/Project1/Campbell RMBL Data/Lupinus argenteus/elk6_08292019am.qgd,22389d36-133d-4a55-920c-4596e17eee76,2190,351267026,FALSE,FALSE,FALSE,1
2019-08-29T10:24:18Z,2019-08-30T01:22:09Z,2019-08-30T01:27:27Z,2019-08-30T01:22:09Z,Desorbed NA,14,14,NA,14,NA,318,elk7_08292019am.qgd,NA,C:/GCMSsolution/Data/Project1/Campbell RMBL Data/Lupinus argenteus/elk7_08292019am.qgd,22389d36-133d-4a55-920c-4596e17eee76,2243,339728958,FALSE,FALSE,FALSE,1
2019-08-29T10:24:18Z,2019-08-30T01:59:16Z,2019-08-30T02:04:23Z,2019-08-30T01:59:16Z,Desorbed NA,15,15,NA,15,NA,307,elk8_08292019am.qgd,NA,C:/GCMSsolution/Data/Project1/Campbell RMBL Data/Lupinus argenteus/elk8_08292019am.qgd,22389d36-133d-4a55-920c-4596e17eee76,2227,294985747,FALSE,FALSE,FALSE,1
2019-08-29T10:24:18Z,2019-08-30T02:36:03Z,2019-08-30T02:41:18Z,2019-08-30T02:36:03Z,Desorbed NA,16,16,NA,16,NA,315,mex1_08292019am.qgd,NA,C:/GCMSsolution/Data/Project1/Campbell RMBL Data/Lupinus argenteus/mex1_08292019am.qgd,22389d36-133d-4a55-920c-4596e17eee76,2207,483191873,FALSE,FALSE,FALSE,1
2019-08-29T10:24:18Z,2019-08-30T03:12:39Z,2019-08-30T03:17:53Z,2019-08-30T03:12:39Z,Desorbed NA,17,17,NA,17,NA,314,mex2_08292019am.qgd,NA,C:/GCMSsolution/Data/Project1/Campbell RMBL Data/Lupinus argenteus/mex2_08292019am.qgd,22389d36-133d-4a55-920c-4596e17eee76,2196,259384898,FALSE,TRUE,TRUE,2
2019-08-29T10:24:18Z,2019-08-30T03:49:05Z,2019-08-30T03:54:22Z,2019-08-30T03:49:05Z,Desorbed NA,18,18,NA,18,NA,317,mex3_08292019am.qgd,NA,C:/GCMSsolution/Data/Project1/Campbell RMBL Data/Lupinus argenteus/mex3_08292019am.qgd,22389d36-133d-4a55-920c-4596e17eee76,2186,259924784,FALSE,TRUE,TRUE,2
2019-08-29T10:24:18Z,2019-08-30T04:25:34Z,2019-08-30T04:30:43Z,2019-08-30T04:25:34Z,Desorbed NA,19,19,NA,19,NA,309,mex4_08292019am.qgd,NA,C:/GCMSsolution/Data/Project1/Campbell RMBL Data/Lupinus argenteus/mex4_08292019am.qgd,22389d36-133d-4a55-920c-4596e17eee76,2189,324823774,FALSE,FALSE,FALSE,1
2019-08-29T10:24:18Z,2019-08-30T05:01:35Z,2019-08-30T05:06:43Z,2019-08-30T05:01:35Z,Desorbed NA,20,20,NA,20,NA,308,mex5_08292019am.qgd,NA,C:/GCMSsolution/Data/Project1/Campbell RMBL Data/Lupinus argenteus/mex5_08292019am.qgd,22389d36-133d-4a55-920c-4596e17eee76,2161,265272271,FALSE,FALSE,FALSE,1
2019-08-29T23:07:09Z,2019-08-30T06:12:00Z,2019-08-30T06:05:28Z,2019-08-30T06:05:28Z,Desorbed NA,1,1,NA,1,NA,392,Blank_08292019pm.qgd,Blank : RMBL,C:/GCMSsolution/Data/Project1/Campbell RMBL Data/Lupinus argenteus/Blank_08292019pm.qgd,39685a14-1ca8-4d9e-a820-ef733a36fc62,4225,242002830,TRUE,FALSE,TRUE,2
2019-08-29T23:07:09Z,2019-08-30T06:42:31Z,2019-08-30T06:47:50Z,2019-08-30T06:42:31Z,Desorbed NA,2,2,NA,2,NA,319,mex6_08292019pm.qgd,NA,C:/GCMSsolution/Data/Project1/Campbell RMBL Data/Lupinus argenteus/mex6_08292019pm.qgd,39685a14-1ca8-4d9e-a820-ef733a36fc62,1831,354287880,FALSE,FALSE,FALSE,1
2019-08-29T23:07:09Z,2019-08-30T07:18:07Z,2019-08-30T07:23:25Z,2019-08-30T07:18:07Z,Desorbed NA,3,3,NA,3,NA,318,mexair1_08292019pm.qgd,NA,C:/GCMSsolution/Data/Project1/Campbell RMBL Data/Lupinus argenteus/mexair1_08292019pm.qgd,39685a14-1ca8-4d9e-a820-ef733a36fc62,2136,288025723,FALSE,FALSE,FALSE,1
2019-08-29T23:07:09Z,2019-08-30T07:53:47Z,2019-08-30T07:59:04Z,2019-08-30T07:53:47Z,Desorbed NA,4,4,NA,4,NA,317,lerbair2_08292019pm.qgd,NA,C:/GCMSsolution/Data/Project1/Campbell RMBL Data/Lupinus argenteus/lerbair2_08292019pm.qgd,39685a14-1ca8-4d9e-a820-ef733a36fc62,2140,274158413,FALSE,TRUE,TRUE,2
2019-08-29T23:07:09Z,2019-08-30T08:29:20Z,2019-08-30T08:34:30Z,2019-08-30T08:29:20Z,Desorbed NA,5,5,NA,5,NA,310,lerb4_08292019pm.qgd,NA,C:/GCMSsolution/Data/Project1/Campbell RMBL Data/Lupinus argenteus/lerb4_08292019pm.qgd,39685a14-1ca8-4d9e-a820-ef733a36fc62,2133,332622001,FALSE,FALSE,FALSE,1
2019-08-29T23:07:09Z,2019-08-30T09:04:44Z,2019-08-30T09:10:01Z,2019-08-30T09:04:44Z,Desorbed NA,6,6,NA,6,NA,317,lerb5_08292019pm.qgd,NA,C:/GCMSsolution/Data/Project1/Campbell RMBL Data/Lupinus argenteus/lerb5_08292019pm.qgd,39685a14-1ca8-4d9e-a820-ef733a36fc62,2124,262785818,FALSE,FALSE,FALSE,1
2019-08-29T23:07:09Z,2019-08-30T09:40:21Z,2019-08-30T09:45:31Z,2019-08-30T09:40:21Z,Desorbed NA,7,7,NA,7,NA,310,lerb6_08292019pm.qgd,NA,C:/GCMSsolution/Data/Project1/Campbell RMBL Data/Lupinus argenteus/lerb6_08292019pm.qgd,39685a14-1ca8-4d9e-a820-ef733a36fc62,2137,255709571,FALSE,TRUE,TRUE,2
2019-08-29T23:07:09Z,2019-08-30T10:15:47Z,2019-08-30T10:21:06Z,2019-08-30T10:15:47Z,Desorbed NA,8,8,NA,8,NA,319,bwbair1_08292019pm.qgd,NA,C:/GCMSsolution/Data/Project1/Campbell RMBL Data/Lupinus argenteus/bwbair1_08292019pm.qgd,39685a14-1ca8-4d9e-a820-ef733a36fc62,2126,271477558,FALSE,TRUE,TRUE,2
2019-08-29T23:07:09Z,2019-08-30T10:51:20Z,2019-08-30T10:56:28Z,2019-08-30T10:51:20Z,Desorbed NA,9,9,NA,9,NA,308,bwb1_08292019pm.qgd,NA,C:/GCMSsolution/Data/Project1/Campbell RMBL Data/Lupinus argenteus/bwb1_08292019pm.qgd,39685a14-1ca8-4d9e-a820-ef733a36fc62,2133,291514775,FALSE,FALSE,FALSE,1
2019-08-29T23:07:09Z,2019-08-30T11:26:49Z,2019-08-30T11:32:08Z,2019-08-30T11:26:49Z,Desorbed NA,10,10,NA,10,NA,319,bwb2_08292019pm.qgd,NA,C:/GCMSsolution/Data/Project1/Campbell RMBL Data/Lupinus argenteus/bwb2_08292019pm.qgd,39685a14-1ca8-4d9e-a820-ef733a36fc62,2129,304321883,FALSE,FALSE,FALSE,1
2019-08-29T23:07:09Z,2019-08-30T12:03:21Z,2019-08-30T12:07:39Z,2019-08-30T12:03:21Z,Desorbed NA,11,11,NA,11,NA,258,bwb3_08292019pm.qgd,NA,C:/GCMSsolution/Data/Project1/Campbell RMBL Data/Lupinus argenteus/bwb3_08292019pm.qgd,39685a14-1ca8-4d9e-a820-ef733a36fc62,2192,239426444,FALSE,FALSE,FALSE,1
2019-08-29T23:07:09Z,2019-08-30T12:37:46Z,2019-08-30T12:43:06Z,2019-08-30T12:37:46Z,Desorbed NA,12,12,NA,12,NA,320,bwb4_08292019pm.qgd,NA,C:/GCMSsolution/Data/Project1/Campbell RMBL Data/Lupinus argenteus/bwb4_08292019pm.qgd,39685a14-1ca8-4d9e-a820-ef733a36fc62,2065,318845035,FALSE,FALSE,FALSE,1
2019-08-29T23:07:09Z,2019-08-30T13:13:21Z,2019-08-30T13:18:41Z,2019-08-30T13:13:21Z,Desorbed NA,13,13,NA,13,NA,320,bwb5_08292019pm.qgd,NA,C:/GCMSsolution/Data/Project1/Campbell RMBL Data/Lupinus argenteus/bwb5_08292019pm.qgd,39685a14-1ca8-4d9e-a820-ef733a36fc62,2135,330860206,FALSE,FALSE,FALSE,1
2019-08-29T23:07:09Z,2019-08-30T13:48:47Z,2019-08-30T13:53:54Z,2019-08-30T13:48:47Z,Desorbed NA,14,14,NA,14,NA,307,bwb6_08292019pm.qgd,NA,C:/GCMSsolution/Data/Project1/Campbell RMBL Data/Lupinus argenteus/bwb6_08292019pm.qgd,39685a14-1ca8-4d9e-a820-ef733a36fc62,2126,297309929,FALSE,FALSE,FALSE,1
2019-08-29T23:07:09Z,2019-08-30T14:24:11Z,2019-08-30T14:29:30Z,2019-08-30T14:24:11Z,Desorbed NA,15,15,NA,15,NA,319,bwb7_08292019pm.qgd,NA,C:/GCMSsolution/Data/Project1/Campbell RMBL Data/Lupinus argenteus/bwb7_08292019pm.qgd,39685a14-1ca8-4d9e-a820-ef733a36fc62,2124,263156477,FALSE,FALSE,FALSE,1
2019-08-29T23:07:09Z,2019-08-30T15:00:00Z,2019-08-30T15:05:27Z,2019-08-30T15:00:00Z,Desorbed NA,16,16,NA,16,NA,327,bwb8_08292019pm.qgd,NA,C:/GCMSsolution/Data/Project1/Campbell RMBL Data/Lupinus argenteus/bwb8_08292019pm.qgd,39685a14-1ca8-4d9e-a820-ef733a36fc62,2149,302370518,FALSE,FALSE,FALSE,1
2019-08-29T23:07:09Z,2019-08-30T15:35:54Z,2019-08-30T15:41:11Z,2019-08-30T15:35:54Z,Desorbed NA,17,17,NA,17,NA,317,bwb9_08292019pm.qgd,NA,C:/GCMSsolution/Data/Project1/Campbell RMBL Data/Lupinus argenteus/bwb9_08292019pm.qgd,39685a14-1ca8-4d9e-a820-ef733a36fc62,2154,396153179,FALSE,FALSE,FALSE,1
2019-08-29T23:07:09Z,2019-08-30T16:11:35Z,2019-08-30T16:16:51Z,2019-08-30T16:11:35Z,Desorbed NA,18,18,NA,18,NA,316,ypoair1_08292019pm.qgd,NA,C:/GCMSsolution/Data/Project1/Campbell RMBL Data/Lupinus argenteus/ypoair1_08292019pm.qgd,39685a14-1ca8-4d9e-a820-ef733a36fc62,2141,242157896,FALSE,TRUE,TRUE,2
2019-08-29T23:07:09Z,2019-08-30T16:47:19Z,2019-08-30T16:52:26Z,2019-08-30T16:47:19Z,Desorbed NA,19,19,NA,19,NA,307,ypo1_08292019pm.qgd,NA,C:/GCMSsolution/Data/Project1/Campbell RMBL Data/Lupinus argenteus/ypo1_08292019pm.qgd,39685a14-1ca8-4d9e-a820-ef733a36fc62,2144,394428526,FALSE,FALSE,FALSE,1
2019-08-29T23:07:09Z,2019-08-30T17:23:12Z,2019-08-30T17:28:30Z,2019-08-30T17:23:12Z,Desorbed NA,20,20,NA,20,NA,318,ypo2_08292019pm.qgd,NA,C:/GCMSsolution/Data/Project1/Campbell RMBL Data/Lupinus argenteus/ypo2_08292019pm.qgd,39685a14-1ca8-4d9e-a820-ef733a36fc62,2153,392646303,FALSE,FALSE,FALSE,1
2019-08-30T11:17:10Z,2019-08-30T18:22:00Z,2019-08-30T18:16:29Z,2019-08-30T18:16:29Z,Desorbed NA,1,1,NA,1,NA,331,Blank_08302019am.qgd,Blank : RMBL,C:/GCMSsolution/Data/Project1/Campbell RMBL Data/Lupinus argenteus/Blank_08302019am.qgd,4087e644-ad58-45df-88e4-b4d30f9b2cce,3528,246690357,TRUE,FALSE,TRUE,2
2019-08-30T11:17:10Z,2019-08-30T18:52:28Z,2019-08-30T18:57:45Z,2019-08-30T18:52:28Z,Desorbed NA,2,2,NA,2,NA,317,ypo3_08302019am.qgd,NA,C:/GCMSsolution/Data/Project1/Campbell RMBL Data/Lupinus argenteus/ypo3_08302019am.qgd,4087e644-ad58-45df-88e4-b4d30f9b2cce,1828,297949654,FALSE,FALSE,FALSE,1
2019-08-30T11:17:10Z,2019-08-30T19:28:59Z,2019-08-30T19:34:15Z,2019-08-30T19:28:59Z,Desorbed NA,3,3,NA,3,NA,316,ypo4_08302019am.qgd,NA,C:/GCMSsolution/Data/Project1/Campbell RMBL Data/Lupinus argenteus/ypo4_08302019am.qgd,4087e644-ad58-45df-88e4-b4d30f9b2cce,2191,284409424,FALSE,FALSE,FALSE,1
2019-08-30T11:17:10Z,2019-08-30T20:05:38Z,2019-08-30T20:10:49Z,2019-08-30T20:05:38Z,Desorbed NA,4,4,NA,4,NA,311,bcnair1_08302019am.qgd,NA,C:/GCMSsolution/Data/Project1/Campbell RMBL Data/Lupinus argenteus/bcnair1_08302019am.qgd,4087e644-ad58-45df-88e4-b4d30f9b2cce,2199,270804103,FALSE,TRUE,TRUE,2
2019-08-30T11:17:10Z,2019-08-30T20:42:20Z,2019-08-30T20:47:37Z,2019-08-30T20:42:20Z,Desorbed NA,5,5,NA,5,NA,317,bcn1_08302019am.qgd,NA,C:/GCMSsolution/Data/Project1/Campbell RMBL Data/Lupinus argenteus/bcn1_08302019am.qgd,4087e644-ad58-45df-88e4-b4d30f9b2cce,2202,420456762,FALSE,FALSE,FALSE,1
2019-08-30T11:17:10Z,2019-08-30T21:19:25Z,2019-08-30T21:24:45Z,2019-08-30T21:19:25Z,Desorbed NA,6,6,NA,6,NA,320,bcn2_08302019am.qgd,NA,C:/GCMSsolution/Data/Project1/Campbell RMBL Data/Lupinus argenteus/bcn2_08302019am.qgd,4087e644-ad58-45df-88e4-b4d30f9b2cce,2225,382512685,FALSE,FALSE,FALSE,1
2019-08-30T11:17:10Z,2019-08-30T21:55:56Z,2019-08-30T22:01:07Z,2019-08-30T21:55:56Z,Desorbed NA,7,7,NA,7,NA,311,bcn3_08302019am.qgd,NA,C:/GCMSsolution/Data/Project1/Campbell RMBL Data/Lupinus argenteus/bcn3_08302019am.qgd,4087e644-ad58-45df-88e4-b4d30f9b2cce,2191,297340857,FALSE,FALSE,FALSE,1
2019-08-30T11:17:10Z,2019-08-30T22:33:05Z,2019-08-30T22:38:24Z,2019-08-30T22:33:05Z,Desorbed NA,8,8,NA,8,NA,319,bcn4_08302019am.qgd,NA,C:/GCMSsolution/Data/Project1/Campbell RMBL Data/Lupinus argenteus/bcn4_08302019am.qgd,4087e644-ad58-45df-88e4-b4d30f9b2cce,2229,292909505,FALSE,FALSE,FALSE,1
2019-08-30T11:17:10Z,2019-08-30T23:09:40Z,2019-08-30T23:14:59Z,2019-08-30T23:09:40Z,Desorbed NA,9,9,NA,9,NA,319,cmnair1_08302019am.qgd,NA,C:/GCMSsolution/Data/Project1/Campbell RMBL Data/Lupinus argenteus/cmnair1_08302019am.qgd,4087e644-ad58-45df-88e4-b4d30f9b2cce,2195,338156727,FALSE,FALSE,FALSE,1
2019-08-30T11:17:10Z,2019-08-30T23:46:27Z,2019-08-30T23:51:47Z,2019-08-30T23:46:27Z,Desorbed NA,10,10,NA,10,NA,320,cmn1_08302019am.qgd,NA,C:/GCMSsolution/Data/Project1/Campbell RMBL Data/Lupinus argenteus/cmn1_08302019am.qgd,4087e644-ad58-45df-88e4-b4d30f9b2cce,2207,388759760,FALSE,FALSE,FALSE,1
2019-08-30T11:17:10Z,NA,NA,NA,NA NA,11,11,NA,11,NA,NA,NA,NA,NA,4087e644-ad58-45df-88e4-b4d30f9b2cce,NA,NA,NA,NA,NA,NA
2019-08-30T11:17:10Z,2019-08-31T00:24:09Z,2019-08-31T00:28:31Z,2019-08-31T00:24:09Z,Desorbed NA,12,12,NA,12,NA,262,cmn2reallycm3_08302019am.qgd,NA,C:/GCMSsolution/Data/Project1/Campbell RMBL Data/Lupinus argenteus/cmn2reallycm3_08302019am.qgd,4087e644-ad58-45df-88e4-b4d30f9b2cce,NA,292173746,FALSE,FALSE,FALSE,1
2019-08-30T11:17:10Z,2019-08-31T01:00:06Z,2019-08-31T01:05:26Z,2019-08-31T01:00:06Z,Desorbed NA,13,13,NA,13,NA,320,cmn3reallycm4_08302019am.qgd,NA,C:/GCMSsolution/Data/Project1/Campbell RMBL Data/Lupinus argenteus/cmn3reallycm4_08302019am.qgd,4087e644-ad58-45df-88e4-b4d30f9b2cce,2157,318931199,FALSE,FALSE,FALSE,1
2019-08-30T11:17:10Z,2019-08-31T01:36:42Z,2019-08-31T01:42:01Z,2019-08-31T01:36:42Z,Desorbed NA,14,14,NA,14,NA,319,cmn4reallycm5_08302019am.qgd,NA,C:/GCMSsolution/Data/Project1/Campbell RMBL Data/Lupinus argenteus/cmn4reallycm5_08302019am.qgd,4087e644-ad58-45df-88e4-b4d30f9b2cce,2196,347811248,FALSE,FALSE,FALSE,1
2019-08-30T11:17:10Z,2019-08-31T02:13:13Z,2019-08-31T02:18:30Z,2019-08-31T02:13:13Z,Desorbed NA,15,15,NA,15,NA,317,cmn5reallycm6_08302019am.qgd,NA,C:/GCMSsolution/Data/Project1/Campbell RMBL Data/Lupinus argenteus/cmn5reallycm6_08302019am.qgd,4087e644-ad58-45df-88e4-b4d30f9b2cce,2191,299027371,FALSE,FALSE,FALSE,1
2019-08-30T11:17:10Z,2019-08-31T02:50:15Z,2019-08-31T02:55:35Z,2019-08-31T02:50:15Z,Desorbed NA,16,16,NA,16,NA,320,cmn6reallycm7_08302019am.qgd,NA,C:/GCMSsolution/Data/Project1/Campbell RMBL Data/Lupinus argenteus/cmn6reallycm7_08302019am.qgd,4087e644-ad58-45df-88e4-b4d30f9b2cce,2222,377541148,FALSE,FALSE,FALSE,1
2019-08-31T08:31:12Z,2019-08-31T15:36:10Z,2019-08-31T15:29:45Z,2019-08-31T15:29:45Z,Desorbed NA,1,1,NA,1,NA,385,Blank_08312019.qgd,Blank : RMBL,C:/GCMSsolution/Data/Project1/RMBL Data/Carvajal 2019/Blank_08312019.qgd,956d32ba-d748-44eb-bfca-5ea55c32f10b,45955,NA,NA,NA,NA,NA
2019-08-31T08:31:12Z,2019-08-31T16:06:35Z,2019-08-31T16:11:58Z,2019-08-31T16:06:35Z,Desorbed NA,2,2,NA,2,NA,323,J1Blank_08312019.qgd,Blank : RMBL,C:/GCMSsolution/Data/Project1/RMBL Data/Carvajal 2019/J1Blank_08312019.qgd,956d32ba-d748-44eb-bfca-5ea55c32f10b,1825,NA,NA,NA,NA,NA
2019-08-31T08:31:12Z,2019-08-31T16:42:08Z,2019-08-31T16:47:28Z,2019-08-31T16:42:08Z,Desorbed NA,3,3,NA,3,NA,320,A1_08312019.qgd,NA,C:/GCMSsolution/Data/Project1/RMBL Data/Carvajal 2019/A1_08312019.qgd,956d32ba-d748-44eb-bfca-5ea55c32f10b,2133,NA,NA,NA,NA,NA
2019-08-31T08:31:12Z,2019-08-31T17:17:57Z,2019-08-31T17:23:15Z,2019-08-31T17:17:57Z,Desorbed NA,4,4,NA,4,NA,318,A2_08312019.qgd,NA,C:/GCMSsolution/Data/Project1/RMBL Data/Carvajal 2019/A2_08312019.qgd,956d32ba-d748-44eb-bfca-5ea55c32f10b,2149,NA,NA,NA,NA,NA
2019-08-31T08:31:12Z,2019-08-31T17:54:10Z,2019-08-31T17:59:29Z,2019-08-31T17:54:10Z,Desorbed NA,5,5,NA,5,NA,319,A3_08312019.qgd,NA,C:/GCMSsolution/Data/Project1/RMBL Data/Carvajal 2019/A3_08312019.qgd,956d32ba-d748-44eb-bfca-5ea55c32f10b,2173,NA,NA,NA,NA,NA
2019-08-31T08:31:12Z,2019-08-31T18:30:46Z,2019-08-31T18:36:04Z,2019-08-31T18:30:46Z,Desorbed NA,6,6,NA,6,NA,318,A4_08312019.qgd,NA,C:/GCMSsolution/Data/Project1/RMBL Data/Carvajal 2019/A4_08312019.qgd,956d32ba-d748-44eb-bfca-5ea55c32f10b,2196,NA,NA,NA,NA,NA
2019-08-31T08:31:12Z,2019-08-31T19:07:34Z,2019-08-31T19:12:55Z,2019-08-31T19:07:34Z,Desorbed NA,7,7,NA,7,NA,321,A5_08312019.qgd,NA,C:/GCMSsolution/Data/Project1/RMBL Data/Carvajal 2019/A5_08312019.qgd,956d32ba-d748-44eb-bfca-5ea55c32f10b,2208,NA,NA,NA,NA,NA
2019-08-31T08:31:12Z,2019-08-31T19:44:30Z,2019-08-31T19:49:42Z,2019-08-31T19:44:30Z,Desorbed NA,8,8,NA,8,NA,312,A6_08312019.qgd,NA,C:/GCMSsolution/Data/Project1/RMBL Data/Carvajal 2019/A6_08312019.qgd,956d32ba-d748-44eb-bfca-5ea55c32f10b,2216,NA,NA,NA,NA,NA
2019-08-31T08:31:12Z,2019-08-31T20:21:35Z,2019-08-31T20:26:54Z,2019-08-31T20:21:35Z,Desorbed NA,9,9,NA,9,NA,319,A7_08312019.qgd,NA,C:/GCMSsolution/Data/Project1/RMBL Data/Carvajal 2019/A7_08312019.qgd,956d32ba-d748-44eb-bfca-5ea55c32f10b,2225,NA,NA,NA,NA,NA
2019-08-31T08:31:12Z,2019-08-31T20:58:00Z,2019-08-31T21:03:21Z,2019-08-31T20:58:00Z,Desorbed NA,10,10,NA,10,NA,321,J3Blank_08312019.qgd,Blank : RMBL,C:/GCMSsolution/Data/Project1/RMBL Data/Carvajal 2019/J3Blank_08312019.qgd,956d32ba-d748-44eb-bfca-5ea55c32f10b,2185,NA,NA,NA,NA,NA
2019-08-31T08:31:12Z,2019-08-31T21:35:31Z,2019-08-31T21:40:00Z,2019-08-31T21:35:31Z,Desorbed NA,11,11,NA,11,NA,269,cm2forreal_08312019.qgd,NA,C:/GCMSsolution/Data/Project1/Campbell RMBL Data/Lupinus argenteus/cm2forreal_08312019.qgd,956d32ba-d748-44eb-bfca-5ea55c32f10b,2251,308491685,FALSE,FALSE,FALSE,1
2019-08-31T08:31:12Z,2019-08-31T22:11:26Z,2019-08-31T22:16:47Z,2019-08-31T22:11:26Z,Desorbed NA,12,12,NA,12,NA,321,A9_08312019.qgd,NA,C:/GCMSsolution/Data/Project1/RMBL Data/Carvajal 2019/A9_08312019.qgd,956d32ba-d748-44eb-bfca-5ea55c32f10b,2155,NA,NA,NA,NA,NA
2019-08-31T08:31:12Z,2019-08-31T22:48:30Z,2019-08-31T22:53:47Z,2019-08-31T22:48:30Z,Desorbed NA,13,13,NA,13,NA,317,A10_08312019.qgd,NA,C:/GCMSsolution/Data/Project1/RMBL Data/Carvajal 2019/A10_08312019.qgd,956d32ba-d748-44eb-bfca-5ea55c32f10b,2224,NA,NA,NA,NA,NA
2019-08-31T08:31:12Z,2019-08-31T23:25:50Z,2019-08-31T23:30:55Z,2019-08-31T23:25:50Z,Desorbed NA,14,14,NA,14,NA,305,B1_08312019.qgd,NA,C:/GCMSsolution/Data/Project1/RMBL Data/Carvajal 2019/B1_08312019.qgd,956d32ba-d748-44eb-bfca-5ea55c32f10b,2240,NA,NA,NA,NA,NA
2019-08-31T08:31:12Z,2019-09-01T00:02:45Z,2019-09-01T00:08:08Z,2019-09-01T00:02:45Z,Desorbed NA,15,15,NA,15,NA,323,B2_08312019.qgd,NA,C:/GCMSsolution/Data/Project1/RMBL Data/Carvajal 2019/B2_08312019.qgd,956d32ba-d748-44eb-bfca-5ea55c32f10b,2215,NA,NA,NA,NA,NA
2019-08-31T08:31:12Z,2019-09-01T00:40:17Z,2019-09-01T00:45:29Z,2019-09-01T00:40:17Z,Desorbed NA,16,16,NA,16,NA,312,B3_08312019.qgd,NA,C:/GCMSsolution/Data/Project1/RMBL Data/Carvajal 2019/B3_08312019.qgd,956d32ba-d748-44eb-bfca-5ea55c32f10b,2252,NA,NA,NA,NA,NA
2019-08-31T08:31:12Z,2019-09-01T01:17:34Z,2019-09-01T01:22:54Z,2019-09-01T01:17:34Z,Desorbed NA,17,17,NA,17,NA,320,B4_08312019.qgd,NA,C:/GCMSsolution/Data/Project1/RMBL Data/Carvajal 2019/B4_08312019.qgd,956d32ba-d748-44eb-bfca-5ea55c32f10b,2237,NA,NA,NA,NA,NA
2019-08-31T08:31:12Z,2019-09-01T01:54:27Z,2019-09-01T01:59:49Z,2019-09-01T01:54:27Z,Desorbed NA,18,18,NA,18,NA,322,B5_08312019.qgd,NA,C:/GCMSsolution/Data/Project1/RMBL Data/Carvajal 2019/B5_08312019.qgd,956d32ba-d748-44eb-bfca-5ea55c32f10b,2213,NA,NA,NA,NA,NA
2019-08-31T08:31:12Z,2019-09-01T02:31:46Z,2019-09-01T02:37:07Z,2019-09-01T02:31:46Z,Desorbed NA,19,19,NA,19,NA,321,B6_08312019.qgd,NA,C:/GCMSsolution/Data/Project1/RMBL Data/Carvajal 2019/B6_08312019.qgd,956d32ba-d748-44eb-bfca-5ea55c32f10b,2239,NA,NA,NA,NA,NA
2019-08-31T08:31:12Z,2019-09-01T03:08:27Z,2019-09-01T03:13:45Z,2019-09-01T03:08:27Z,Desorbed NA,20,20,NA,20,NA,318,B7_08312019.qgd,NA,C:/GCMSsolution/Data/Project1/RMBL Data/Carvajal 2019/B7_08312019.qgd,956d32ba-d748-44eb-bfca-5ea55c32f10b,2201,NA,NA,NA,NA,NA
2019-08-31T08:31:12Z,2019-09-01T03:45:35Z,2019-09-01T03:49:58Z,2019-09-01T03:45:35Z,Desorbed NA,21,21,NA,21,NA,263,B8_08312019.qgd,NA,C:/GCMSsolution/Data/Project1/RMBL Data/Carvajal 2019/B8_08312019.qgd,956d32ba-d748-44eb-bfca-5ea55c32f10b,2228,NA,NA,NA,NA,NA
2019-08-31T08:31:12Z,2019-09-01T04:20:37Z,2019-09-01T04:26:00Z,2019-09-01T04:20:37Z,Desorbed NA,22,22,NA,22,NA,323,B9_08312019.qgd,NA,C:/GCMSsolution/Data/Project1/RMBL Data/Carvajal 2019/B9_08312019.qgd,956d32ba-d748-44eb-bfca-5ea55c32f10b,2102,NA,NA,NA,NA,NA
2019-08-31T08:31:12Z,2019-09-01T04:56:33Z,2019-09-01T05:01:44Z,2019-09-01T04:56:33Z,Desorbed NA,23,23,NA,23,NA,311,B10_08312019.qgd,NA,C:/GCMSsolution/Data/Project1/RMBL Data/Carvajal 2019/B10_08312019.qgd,956d32ba-d748-44eb-bfca-5ea55c32f10b,2156,NA,NA,NA,NA,NA
2019-08-31T08:31:12Z,2019-09-01T05:32:09Z,2019-09-01T05:37:20Z,2019-09-01T05:32:09Z,Desorbed NA,24,24,NA,24,NA,311,C1_08312019.qgd,NA,C:/GCMSsolution/Data/Project1/RMBL Data/Carvajal 2019/C1_08312019.qgd,956d32ba-d748-44eb-bfca-5ea55c32f10b,2136,NA,NA,NA,NA,NA
2019-08-31T08:31:12Z,2019-09-01T10:04:39Z,NA,2019-09-01T10:04:39Z,NA Leak Test Pressurise Failed,25,25,NA,25,NA,NA,NA,NA,NA,956d32ba-d748-44eb-bfca-5ea55c32f10b,16350,NA,NA,NA,NA,NA
2021-08-11T10:31:50Z,2021-08-11T17:36:45Z,2021-08-11T17:42:31Z,2021-08-11T17:36:45Z,Desorbed NA,1,1,1,1,0,346,Blank1_8112021_01.qgd,Blank : RMBL,C:/GCMSsolution/Data/Project1/Campbell RMBL Data/Lupinus argenteus/Blank1_8112021_01.qgd,2ae0ef0d-3fec-412c-813b-c25499b5b77c,15588,70161904,TRUE,FALSE,TRUE,7
2021-08-11T10:31:50Z,2021-08-11T18:07:13Z,2021-08-11T18:22:56Z,2021-08-11T18:07:13Z,Desorbed NA,2,2,2,2,0,943,Lupinus_bur_20_6_8112021_02.qgd,NA,C:/GCMSsolution/Data/Project1/Campbell RMBL Data/Lupinus argenteus/Lupinus_bur_20_6_8112021_02.qgd,2ae0ef0d-3fec-412c-813b-c25499b5b77c,1828,460964360,FALSE,FALSE,FALSE,6
2021-08-11T10:31:50Z,2021-08-11T18:43:54Z,2021-08-11T18:59:40Z,2021-08-11T18:43:54Z,Desorbed NA,3,3,3,3,0,946,Lupinus_bur_20_air_1_8112021_03.qgd,NA,C:/GCMSsolution/Data/Project1/Campbell RMBL Data/Lupinus argenteus/Lupinus_bur_20_air_1_8112021_03.qgd,2ae0ef0d-3fec-412c-813b-c25499b5b77c,2201,690634215,FALSE,FALSE,FALSE,5
2021-08-11T10:31:50Z,2021-08-11T19:20:29Z,2021-08-11T19:36:05Z,2021-08-11T19:20:29Z,Desorbed NA,4,4,4,4,0,936,Lupinus_bur_20_1_8112021_04.qgd,NA,C:/GCMSsolution/Data/Project1/Campbell RMBL Data/Lupinus argenteus/Lupinus_bur_20_1_8112021_04.qgd,2ae0ef0d-3fec-412c-813b-c25499b5b77c,2195,340554524,FALSE,FALSE,FALSE,6
2021-08-11T10:31:50Z,2021-08-11T19:57:34Z,2021-08-11T20:13:20Z,2021-08-11T19:57:34Z,Desorbed NA,5,5,5,5,0,946,Lupinus_bur_20_7_8112021_05.qgd,NA,C:/GCMSsolution/Data/Project1/Campbell RMBL Data/Lupinus argenteus/Lupinus_bur_20_7_8112021_05.qgd,2ae0ef0d-3fec-412c-813b-c25499b5b77c,2225,403531076,FALSE,FALSE,FALSE,6
2021-08-11T10:31:50Z,2021-08-11T20:35:16Z,2021-08-11T20:50:47Z,2021-08-11T20:35:16Z,Desorbed NA,6,6,6,6,0,931,Lupinus_bur_20_2_8112021_06.qgd,NA,C:/GCMSsolution/Data/Project1/Campbell RMBL Data/Lupinus argenteus/Lupinus_bur_20_2_8112021_06.qgd,2ae0ef0d-3fec-412c-813b-c25499b5b77c,2262,320499176,FALSE,FALSE,FALSE,6
2021-08-11T10:31:50Z,2021-08-11T21:13:02Z,2021-08-11T21:28:50Z,2021-08-11T21:13:02Z,Desorbed NA,7,7,7,7,0,948,Lupinus_bur_20_5_8112021_07.qgd,NA,C:/GCMSsolution/Data/Project1/Campbell RMBL Data/Lupinus argenteus/Lupinus_bur_20_5_8112021_07.qgd,2ae0ef0d-3fec-412c-813b-c25499b5b77c,2266,361575748,FALSE,FALSE,FALSE,6
2021-08-11T10:31:50Z,2021-08-11T21:51:30Z,2021-08-11T22:07:17Z,2021-08-11T21:51:30Z,Desorbed NA,8,8,8,8,0,947,Lupinus_bur_20_4_8112021_08.qgd,NA,C:/GCMSsolution/Data/Project1/Campbell RMBL Data/Lupinus argenteus/Lupinus_bur_20_4_8112021_08.qgd,2ae0ef0d-3fec-412c-813b-c25499b5b77c,2308,336029526,FALSE,FALSE,FALSE,6
2021-08-11T10:31:50Z,2021-08-11T22:30:13Z,2021-08-11T22:46:01Z,2021-08-11T22:30:13Z,Desorbed NA,9,9,9,9,0,948,Lupinus_bur_20_8_8112021_09.qgd,NA,C:/GCMSsolution/Data/Project1/Campbell RMBL Data/Lupinus argenteus/Lupinus_bur_20_8_8112021_09.qgd,2ae0ef0d-3fec-412c-813b-c25499b5b77c,2323,884390288,FALSE,FALSE,FALSE,5
2021-08-11T10:31:50Z,2021-08-11T23:09:23Z,2021-08-11T23:25:07Z,2021-08-11T23:09:23Z,Desorbed NA,10,10,10,10,0,944,Lupinus_bur_20_3_8112021_10.qgd,NA,C:/GCMSsolution/Data/Project1/Campbell RMBL Data/Lupinus argenteus/Lupinus_bur_20_3_8112021_10.qgd,2ae0ef0d-3fec-412c-813b-c25499b5b77c,2350,517306032,FALSE,FALSE,FALSE,5
2021-08-11T10:31:50Z,2021-08-11T23:49:34Z,2021-08-12T00:04:25Z,2021-08-11T23:49:34Z,Desorbed NA,11,11,11,11,0,891,Lupinus_eml_20_3_8112021_11.qgd,NA,C:/GCMSsolution/Data/Project1/Campbell RMBL Data/Lupinus argenteus/Lupinus_eml_20_3_8112021_11.qgd,2ae0ef0d-3fec-412c-813b-c25499b5b77c,2411,124280634,FALSE,FALSE,FALSE,6
2021-08-11T10:31:50Z,2021-08-12T00:28:10Z,2021-08-12T00:43:56Z,2021-08-12T00:28:10Z,Desorbed NA,12,12,12,12,0,946,Lupinus_eml_20_air_2_8112021_12.qgd,NA,C:/GCMSsolution/Data/Project1/Campbell RMBL Data/Lupinus argenteus/Lupinus_eml_20_air_2_8112021_12.qgd,2ae0ef0d-3fec-412c-813b-c25499b5b77c,2316,107929436,FALSE,FALSE,FALSE,6
2021-08-11T10:31:50Z,2021-08-12T01:07:22Z,2021-08-12T01:23:06Z,2021-08-12T01:07:22Z,Desorbed NA,13,13,13,13,0,944,Lupinus_eml_20_5_8112021_13.qgd,NA,C:/GCMSsolution/Data/Project1/Campbell RMBL Data/Lupinus argenteus/Lupinus_eml_20_5_8112021_13.qgd,2ae0ef0d-3fec-412c-813b-c25499b5b77c,2352,170616941,FALSE,FALSE,FALSE,6
2021-08-11T10:31:50Z,2021-08-12T01:45:47Z,2021-08-12T02:01:30Z,2021-08-12T01:45:47Z,Desorbed NA,14,14,14,14,0,943,Lupinus_eml_20_4_8112021_14.qgd,NA,C:/GCMSsolution/Data/Project1/Campbell RMBL Data/Lupinus argenteus/Lupinus_eml_20_4_8112021_14.qgd,2ae0ef0d-3fec-412c-813b-c25499b5b77c,2305,689051059,FALSE,FALSE,FALSE,5
2021-08-11T10:31:50Z,2021-08-12T02:23:34Z,2021-08-12T02:39:24Z,2021-08-12T02:23:34Z,Desorbed NA,15,15,15,15,0,950,Lupinus_eml_20_8_8112021_15.qgd,NA,C:/GCMSsolution/Data/Project1/Campbell RMBL Data/Lupinus argenteus/Lupinus_eml_20_8_8112021_15.qgd,2ae0ef0d-3fec-412c-813b-c25499b5b77c,2267,163866726,FALSE,FALSE,FALSE,6
2021-08-11T10:31:50Z,2021-08-12T03:00:40Z,2021-08-12T03:16:27Z,2021-08-12T03:00:40Z,Desorbed NA,16,16,16,16,0,947,Lupinus_eml_20_6_8112021_16.qgd,NA,C:/GCMSsolution/Data/Project1/Campbell RMBL Data/Lupinus argenteus/Lupinus_eml_20_6_8112021_16.qgd,2ae0ef0d-3fec-412c-813b-c25499b5b77c,2226,498847166,FALSE,FALSE,FALSE,5
2021-08-11T10:31:50Z,2021-08-12T03:37:10Z,2021-08-12T03:52:48Z,2021-08-12T03:37:10Z,Desorbed NA,17,17,17,17,0,938,Lupinus_eml_20_7_8112021_17.qgd,NA,C:/GCMSsolution/Data/Project1/Campbell RMBL Data/Lupinus argenteus/Lupinus_eml_20_7_8112021_17.qgd,2ae0ef0d-3fec-412c-813b-c25499b5b77c,2190,172271746,FALSE,FALSE,FALSE,6
2021-08-11T10:31:50Z,2021-08-12T04:14:03Z,2021-08-12T04:29:47Z,2021-08-12T04:14:03Z,Desorbed NA,18,18,18,18,0,944,Lupinus_npb_20_5_8112021_18.qgd,NA,C:/GCMSsolution/Data/Project1/Campbell RMBL Data/Lupinus argenteus/Lupinus_npb_20_5_8112021_18.qgd,2ae0ef0d-3fec-412c-813b-c25499b5b77c,2213,126260060,FALSE,FALSE,FALSE,6
2021-08-11T10:31:50Z,2021-08-12T04:34:46Z,2021-08-12T04:29:47Z,2021-08-12T04:29:47Z,Desorbed NA,19,19,18,18,1,299,Lupinus_npb_20_5_8112021_18.qgd,NA,C:/GCMSsolution/Data/Project1/Campbell RMBL Data/Lupinus argenteus/Lupinus_npb_20_5_8112021_18.qgd,2ae0ef0d-3fec-412c-813b-c25499b5b77c,1243,126260060,FALSE,FALSE,FALSE,6
2021-08-11T10:31:50Z,2021-08-12T05:26:43Z,2021-08-12T05:42:33Z,2021-08-12T05:26:43Z,Desorbed NA,20,20,20,20,0,950,Lupinus_npb_20_4_8112021_20.qgd,NA,C:/GCMSsolution/Data/Project1/Campbell RMBL Data/Lupinus argenteus/Lupinus_npb_20_4_8112021_20.qgd,2ae0ef0d-3fec-412c-813b-c25499b5b77c,3117,287864917,FALSE,FALSE,FALSE,6
2021-08-12T09:12:11Z,2021-08-12T16:17:09Z,2021-08-12T16:06:02Z,2021-08-12T16:06:02Z,Desorbed NA,1,1,1,1,0,667,Blank1_8122021_01.qgd,Blank : RMBL,C:/GCMSsolution/Data/Project1/Campbell RMBL Data/Lupinus argenteus/Blank1_8122021_01.qgd,cafc7396-3329-4a2d-9d85-c9ec3e9b7653,39026,92199993,TRUE,FALSE,TRUE,7
2021-08-12T09:12:11Z,2021-08-12T16:47:36Z,2021-08-12T17:03:25Z,2021-08-12T16:47:36Z,Desorbed NA,2,2,2,2,0,949,Lupinus_npb_20_3_8122021_02.qgd,NA,C:/GCMSsolution/Data/Project1/Campbell RMBL Data/Lupinus argenteus/Lupinus_npb_20_3_8122021_02.qgd,cafc7396-3329-4a2d-9d85-c9ec3e9b7653,1827,296922860,FALSE,FALSE,FALSE,6
2021-08-12T09:12:11Z,2021-08-12T17:23:50Z,2021-08-12T17:39:36Z,2021-08-12T17:23:50Z,Leak-test failure High Pressure Leak Failure,3,3,3,3,0,946,Lupinus_npb_20_1_8122021_03.qgd,NA,C:/GCMSsolution/Data/Project1/Campbell RMBL Data/Lupinus argenteus/Lupinus_npb_20_1_8122021_03.qgd,cafc7396-3329-4a2d-9d85-c9ec3e9b7653,2174,23383816,FALSE,TRUE,TRUE,7
2021-08-12T09:12:11Z,2021-08-12T18:00:04Z,2021-08-12T18:15:13Z,2021-08-12T18:00:04Z,Desorbed NA,4,4,4,4,0,909,Lupinus_npb_20_air_1_8122021_04.qgd,NA,C:/GCMSsolution/Data/Project1/Campbell RMBL Data/Lupinus argenteus/Lupinus_npb_20_air_1_8122021_04.qgd,cafc7396-3329-4a2d-9d85-c9ec3e9b7653,2174,289972384,FALSE,FALSE,FALSE,6
2021-08-12T09:12:11Z,2021-08-12T18:36:14Z,2021-08-12T18:52:01Z,2021-08-12T18:36:14Z,Desorbed NA,5,5,5,5,0,947,Lupinus_npb_20_2_8122021_05.qgd,NA,C:/GCMSsolution/Data/Project1/Campbell RMBL Data/Lupinus argenteus/Lupinus_npb_20_2_8122021_05.qgd,cafc7396-3329-4a2d-9d85-c9ec3e9b7653,2170,238608422,FALSE,FALSE,FALSE,6
2021-08-12T09:12:11Z,2021-08-12T19:13:49Z,2021-08-12T19:29:37Z,2021-08-12T19:13:49Z,Desorbed NA,6,6,6,6,0,948,Lupinus_bvb_20_3_8122021_06.qgd,NA,C:/GCMSsolution/Data/Project1/Campbell RMBL Data/Lupinus argenteus/Lupinus_bvb_20_3_8122021_06.qgd,cafc7396-3329-4a2d-9d85-c9ec3e9b7653,2255,1067248031,FALSE,FALSE,FALSE,5
2021-08-12T09:12:11Z,2021-08-12T19:51:45Z,2021-08-12T20:07:36Z,2021-08-12T19:51:45Z,Desorbed NA,7,7,7,7,0,951,Lupinus_bvb_20_1_8122021_07.qgd,NA,C:/GCMSsolution/Data/Project1/Campbell RMBL Data/Lupinus argenteus/Lupinus_bvb_20_1_8122021_07.qgd,cafc7396-3329-4a2d-9d85-c9ec3e9b7653,2276,158966873,FALSE,FALSE,FALSE,6
2021-08-12T09:12:11Z,2021-08-12T20:30:18Z,2021-08-12T20:46:07Z,2021-08-12T20:30:18Z,Desorbed NA,8,8,8,8,0,949,Lupinus_bvb_20_2_8122021_08.qgd,NA,C:/GCMSsolution/Data/Project1/Campbell RMBL Data/Lupinus argenteus/Lupinus_bvb_20_2_8122021_08.qgd,cafc7396-3329-4a2d-9d85-c9ec3e9b7653,2313,192840851,FALSE,FALSE,FALSE,6
2021-08-12T09:12:11Z,2021-08-12T21:09:33Z,2021-08-12T21:25:09Z,2021-08-12T21:09:33Z,Desorbed NA,9,9,9,9,0,936,Lupinus_bvb_20_6_8122021_09.qgd,NA,C:/GCMSsolution/Data/Project1/Campbell RMBL Data/Lupinus argenteus/Lupinus_bvb_20_6_8122021_09.qgd,cafc7396-3329-4a2d-9d85-c9ec3e9b7653,2355,478456573,FALSE,FALSE,FALSE,5
2021-08-12T09:12:11Z,2021-08-12T21:49:15Z,2021-08-12T22:05:01Z,2021-08-12T21:49:15Z,Desorbed NA,10,10,10,10,0,946,Lupinus_bvb_20_air_1_8122021_10.qgd,NA,C:/GCMSsolution/Data/Project1/Campbell RMBL Data/Lupinus argenteus/Lupinus_bvb_20_air_1_8122021_10.qgd,cafc7396-3329-4a2d-9d85-c9ec3e9b7653,2382,1084311596,FALSE,FALSE,FALSE,5
2021-08-12T09:12:11Z,2021-08-12T22:29:57Z,2021-08-12T22:44:40Z,2021-08-12T22:29:57Z,Desorbed NA,11,11,11,11,0,883,Lupinus_brc_20_1_8122021_11.qgd,NA,C:/GCMSsolution/Data/Project1/Campbell RMBL Data/Lupinus argenteus/Lupinus_brc_20_1_8122021_11.qgd,cafc7396-3329-4a2d-9d85-c9ec3e9b7653,2442,1291509238,FALSE,FALSE,FALSE,5
2021-08-12T09:12:11Z,2021-08-12T23:08:05Z,2021-08-12T23:23:46Z,2021-08-12T23:08:05Z,Desorbed NA,12,12,12,12,0,941,Lupinus_lerb_20_3_8122021_12.qgd,NA,C:/GCMSsolution/Data/Project1/Campbell RMBL Data/Lupinus argenteus/Lupinus_lerb_20_3_8122021_12.qgd,cafc7396-3329-4a2d-9d85-c9ec3e9b7653,2288,786945357,FALSE,FALSE,FALSE,5
2021-08-12T09:12:11Z,2021-08-12T23:46:57Z,2021-08-13T00:02:42Z,2021-08-12T23:46:57Z,Desorbed NA,13,13,13,13,0,945,Lupinus_brc_20_7_8122021_13.qgd,NA,C:/GCMSsolution/Data/Project1/Campbell RMBL Data/Lupinus argenteus/Lupinus_brc_20_7_8122021_13.qgd,cafc7396-3329-4a2d-9d85-c9ec3e9b7653,2332,219262680,FALSE,FALSE,FALSE,6
2021-08-12T09:12:11Z,2021-08-13T00:26:04Z,2021-08-13T00:41:52Z,2021-08-13T00:26:04Z,Desorbed NA,14,14,14,14,0,948,Lupinus_lerb_20_7_8122021_14.qgd,NA,C:/GCMSsolution/Data/Project1/Campbell RMBL Data/Lupinus argenteus/Lupinus_lerb_20_7_8122021_14.qgd,cafc7396-3329-4a2d-9d85-c9ec3e9b7653,2347,279660306,FALSE,FALSE,FALSE,6
2021-08-12T09:12:11Z,2021-08-13T01:04:38Z,2021-08-13T01:20:27Z,2021-08-13T01:04:38Z,Desorbed NA,15,15,15,15,0,949,Lupinus_brc_20_6_8122021_15.qgd,NA,C:/GCMSsolution/Data/Project1/Campbell RMBL Data/Lupinus argenteus/Lupinus_brc_20_6_8122021_15.qgd,cafc7396-3329-4a2d-9d85-c9ec3e9b7653,2314,842446536,FALSE,FALSE,FALSE,5
2021-08-12T09:12:11Z,2021-08-13T01:42:59Z,2021-08-13T01:58:47Z,2021-08-13T01:42:59Z,Desorbed NA,16,16,16,16,0,948,Lupinus_lerb_20_6_8122021_16.qgd,NA,C:/GCMSsolution/Data/Project1/Campbell RMBL Data/Lupinus argenteus/Lupinus_lerb_20_6_8122021_16.qgd,cafc7396-3329-4a2d-9d85-c9ec3e9b7653,2301,183666100,FALSE,FALSE,FALSE,6
2021-08-12T09:12:11Z,2021-08-13T02:20:34Z,2021-08-13T02:36:22Z,2021-08-13T02:20:34Z,Desorbed NA,17,17,17,17,0,948,Lupinus_brc_20_5_8122021_17.qgd,NA,C:/GCMSsolution/Data/Project1/Campbell RMBL Data/Lupinus argenteus/Lupinus_brc_20_5_8122021_17.qgd,cafc7396-3329-4a2d-9d85-c9ec3e9b7653,2255,288062284,FALSE,FALSE,FALSE,6
2021-08-12T09:12:11Z,2021-08-13T02:57:33Z,2021-08-13T03:13:21Z,2021-08-13T02:57:33Z,Desorbed NA,18,18,18,18,0,948,Lupinus_lerb_20_8_8122021_18.qgd,NA,C:/GCMSsolution/Data/Project1/Campbell RMBL Data/Lupinus argenteus/Lupinus_lerb_20_8_8122021_18.qgd,cafc7396-3329-4a2d-9d85-c9ec3e9b7653,2219,702997578,FALSE,FALSE,FALSE,5
2021-08-12T09:12:11Z,2021-08-13T03:35:01Z,2021-08-13T03:50:48Z,2021-08-13T03:35:01Z,Desorbed NA,19,19,19,19,0,947,Lupinus_lerb_20_air_1_8122021_19.qgd,NA,C:/GCMSsolution/Data/Project1/Campbell RMBL Data/Lupinus argenteus/Lupinus_lerb_20_air_1_8122021_19.qgd,cafc7396-3329-4a2d-9d85-c9ec3e9b7653,2248,778423075,FALSE,FALSE,FALSE,5
2021-08-12T09:12:11Z,2021-08-13T04:12:02Z,2021-08-13T04:27:46Z,2021-08-13T04:12:02Z,Desorbed NA,20,20,20,20,0,944,Lupinus_brc_20_2_8122021_20.qgd,NA,C:/GCMSsolution/Data/Project1/Campbell RMBL Data/Lupinus argenteus/Lupinus_brc_20_2_8122021_20.qgd,cafc7396-3329-4a2d-9d85-c9ec3e9b7653,2221,982125123,FALSE,FALSE,FALSE,5
2021-08-13T06:42:36Z,2021-08-13T13:47:35Z,2021-08-13T13:53:23Z,2021-08-13T13:47:35Z,Desorbed NA,1,1,1,1,0,348,Lupinus_eml_20_air_1_8132021_01.qgd,NA,C:/GCMSsolution/Data/Project1/Campbell RMBL Data/Lupinus argenteus/Lupinus_eml_20_air_1_8132021_01.qgd,47ed1b17-a106-4bed-960a-ea8c80770b21,34533,95395124,FALSE,TRUE,TRUE,7
2021-08-13T06:42:36Z,2021-08-13T14:18:05Z,2021-08-13T14:33:41Z,2021-08-13T14:18:05Z,Desorbed NA,2,2,2,2,0,936,Lupinus_npb_20_1_8132021_02.qgd,NA,C:/GCMSsolution/Data/Project1/Campbell RMBL Data/Lupinus argenteus/Lupinus_npb_20_1_8132021_02.qgd,47ed1b17-a106-4bed-960a-ea8c80770b21,1830,210315547,FALSE,FALSE,FALSE,6
2021-08-13T06:42:36Z,2021-08-13T14:53:09Z,2021-08-13T15:08:36Z,2021-08-13T14:53:09Z,Leak-test failure High Pressure Leak Failure,3,3,3,3,0,926.5,Lupinus_eml_20_1_8132021_03.qgd,NA,C:/GCMSsolution/Data/Project1/Campbell RMBL Data/Lupinus argenteus/Lupinus_eml_20_1_8132021_03.qgd,47ed1b17-a106-4bed-960a-ea8c80770b21,2104.5,22722675,FALSE,TRUE,TRUE,7
2021-08-13T06:42:36Z,2021-08-13T15:28:14Z,2021-08-13T15:43:25Z,2021-08-13T15:28:14Z,Desorbed NA,4,4,4,4,0,911,Lupinus_eml_20_2_8132021_04.qgd,NA,C:/GCMSsolution/Data/Project1/Campbell RMBL Data/Lupinus argenteus/Lupinus_eml_20_2_8132021_04.qgd,47ed1b17-a106-4bed-960a-ea8c80770b21,2104.5,1092327589,FALSE,FALSE,FALSE,5
2021-08-13T06:42:36Z,2021-08-13T16:03:11Z,2021-08-13T16:18:47Z,2021-08-13T16:03:11Z,Desorbed NA,5,5,5,5,0,936,Lupinus_chs_20_2_8132021_05.qgd,NA,C:/GCMSsolution/Data/Project1/Campbell RMBL Data/Lupinus argenteus/Lupinus_chs_20_2_8132021_05.qgd,47ed1b17-a106-4bed-960a-ea8c80770b21,2097,912897515,FALSE,FALSE,FALSE,5
2021-08-13T06:42:36Z,2021-08-13T16:38:53Z,2021-08-13T16:54:42Z,2021-08-13T16:38:53Z,Desorbed NA,6,6,6,6,0,949,Lupinus_chs_20_air_1_8132021_06.qgd,NA,C:/GCMSsolution/Data/Project1/Campbell RMBL Data/Lupinus argenteus/Lupinus_chs_20_air_1_8132021_06.qgd,47ed1b17-a106-4bed-960a-ea8c80770b21,2142,882571336,FALSE,FALSE,FALSE,5
2021-08-13T06:42:36Z,2021-08-13T17:15:09Z,2021-08-13T17:30:58Z,2021-08-13T17:15:09Z,Desorbed NA,7,7,7,7,0,949,Lupinus_chs_20_4_8132021_07.qgd,NA,C:/GCMSsolution/Data/Project1/Campbell RMBL Data/Lupinus argenteus/Lupinus_chs_20_4_8132021_07.qgd,47ed1b17-a106-4bed-960a-ea8c80770b21,2176,131816926,FALSE,FALSE,FALSE,6
2021-08-13T06:42:36Z,2021-08-13T17:51:52Z,2021-08-13T18:07:39Z,2021-08-13T17:51:52Z,Desorbed NA,8,8,8,8,0,947,Lupinus_chs_20_1_8132021_08.qgd,NA,C:/GCMSsolution/Data/Project1/Campbell RMBL Data/Lupinus argenteus/Lupinus_chs_20_1_8132021_08.qgd,47ed1b17-a106-4bed-960a-ea8c80770b21,2203,921837634,FALSE,FALSE,FALSE,5
2021-08-13T06:42:36Z,2021-08-13T18:29:11Z,2021-08-13T18:44:45Z,2021-08-13T18:29:11Z,Desorbed NA,9,9,9,9,0,934,Lupinus_chs_20_3_8132021_09.qgd,NA,C:/GCMSsolution/Data/Project1/Campbell RMBL Data/Lupinus argenteus/Lupinus_chs_20_3_8132021_09.qgd,47ed1b17-a106-4bed-960a-ea8c80770b21,2239,1068206050,FALSE,FALSE,FALSE,5
2021-08-13T06:42:36Z,2021-08-13T19:06:05Z,2021-08-13T19:21:53Z,2021-08-13T19:06:05Z,Desorbed NA,10,10,10,10,0,948,Lupinus_bvb_20_5_8132021_10.qgd,NA,C:/GCMSsolution/Data/Project1/Campbell RMBL Data/Lupinus argenteus/Lupinus_bvb_20_5_8132021_10.qgd,47ed1b17-a106-4bed-960a-ea8c80770b21,2214,234652199,FALSE,FALSE,FALSE,6
2021-08-13T06:42:36Z,2021-08-13T19:44:49Z,2021-08-13T19:59:43Z,2021-08-13T19:44:49Z,Desorbed NA,11,11,11,11,0,894,Lupinus_bvb_20_4_8132021_11.qgd,NA,C:/GCMSsolution/Data/Project1/Campbell RMBL Data/Lupinus argenteus/Lupinus_bvb_20_4_8132021_11.qgd,47ed1b17-a106-4bed-960a-ea8c80770b21,2324,142465957,FALSE,FALSE,FALSE,6
2021-08-13T06:42:36Z,2021-08-13T20:21:59Z,2021-08-13T20:37:49Z,2021-08-13T20:21:59Z,Desorbed NA,12,12,12,12,0,950,Lupinus_bvb_20_9_8132021_12.qgd,NA,C:/GCMSsolution/Data/Project1/Campbell RMBL Data/Lupinus argenteus/Lupinus_bvb_20_9_8132021_12.qgd,47ed1b17-a106-4bed-960a-ea8c80770b21,2230,916929498,FALSE,FALSE,FALSE,5
2021-08-13T06:42:36Z,2021-08-13T21:01:00Z,2021-08-13T21:16:48Z,2021-08-13T21:01:00Z,Desorbed NA,13,13,13,13,0,948,Lupinus_bvb_20_8_8132021_13.qgd,NA,C:/GCMSsolution/Data/Project1/Campbell RMBL Data/Lupinus argenteus/Lupinus_bvb_20_8_8132021_13.qgd,47ed1b17-a106-4bed-960a-ea8c80770b21,2341,836928815,FALSE,FALSE,FALSE,5
2021-08-13T06:42:36Z,2021-08-13T21:40:45Z,2021-08-13T21:56:18Z,2021-08-13T21:40:45Z,Desorbed NA,14,14,14,14,0,933,Lupinus_bvb_20_7_8132021_14.qgd,NA,C:/GCMSsolution/Data/Project1/Campbell RMBL Data/Lupinus argenteus/Lupinus_bvb_20_7_8132021_14.qgd,47ed1b17-a106-4bed-960a-ea8c80770b21,2385,227437178,FALSE,FALSE,FALSE,6
2021-08-13T06:42:36Z,2021-08-13T22:21:12Z,2021-08-13T22:37:01Z,2021-08-13T22:21:12Z,Desorbed NA,15,15,15,15,0,949,Lupinus_lerb_20_9_8132021_15.qgd,NA,C:/GCMSsolution/Data/Project1/Campbell RMBL Data/Lupinus argenteus/Lupinus_lerb_20_9_8132021_15.qgd,47ed1b17-a106-4bed-960a-ea8c80770b21,2427,1077963970,FALSE,FALSE,FALSE,5
2021-08-13T06:42:36Z,2021-08-13T23:01:58Z,2021-08-13T23:17:46Z,2021-08-13T23:01:58Z,Desorbed NA,16,16,16,16,0,948,Lupinus_lerb_20_8_8132021_16.qgd,NA,C:/GCMSsolution/Data/Project1/Campbell RMBL Data/Lupinus argenteus/Lupinus_lerb_20_8_8132021_16.qgd,47ed1b17-a106-4bed-960a-ea8c80770b21,2446,167442255,FALSE,FALSE,FALSE,6
2021-08-13T06:42:36Z,2021-08-13T23:41:50Z,2021-08-13T23:57:42Z,2021-08-13T23:41:50Z,Desorbed NA,17,17,17,17,0,952,Lupinus_brc_20_8_8132021_17.qgd,NA,C:/GCMSsolution/Data/Project1/Campbell RMBL Data/Lupinus argenteus/Lupinus_brc_20_8_8132021_17.qgd,47ed1b17-a106-4bed-960a-ea8c80770b21,2392,1180013186,FALSE,FALSE,FALSE,5
2021-08-13T06:42:36Z,2021-08-14T00:21:25Z,2021-08-14T00:37:13Z,2021-08-14T00:21:25Z,Desorbed NA,18,18,18,18,0,948,Lupinus_lerb_20_2_8132021_18.qgd,NA,C:/GCMSsolution/Data/Project1/Campbell RMBL Data/Lupinus argenteus/Lupinus_lerb_20_2_8132021_18.qgd,47ed1b17-a106-4bed-960a-ea8c80770b21,2375,774020323,FALSE,FALSE,FALSE,5
2021-08-13T06:42:36Z,2021-08-14T01:00:23Z,2021-08-14T01:16:14Z,2021-08-14T01:00:23Z,Desorbed NA,19,19,19,19,0,951,Lupinus_brc_20_air_1_8132021_19.qgd,NA,C:/GCMSsolution/Data/Project1/Campbell RMBL Data/Lupinus argenteus/Lupinus_brc_20_air_1_8132021_19.qgd,47ed1b17-a106-4bed-960a-ea8c80770b21,2338,475721609,FALSE,FALSE,FALSE,5
2021-08-13T06:42:36Z,2021-08-14T01:38:46Z,2021-08-14T01:54:24Z,2021-08-14T01:38:46Z,Desorbed NA,20,20,20,20,0,938,Lupinus_brc_20_2_8132021_20.qgd,NA,C:/GCMSsolution/Data/Project1/Campbell RMBL Data/Lupinus argenteus/Lupinus_brc_20_2_8132021_20.qgd,47ed1b17-a106-4bed-960a-ea8c80770b21,2303,141781765,FALSE,FALSE,FALSE,6
2021-08-14T07:25:31Z,2021-08-14T14:30:34Z,2021-08-14T14:22:56Z,2021-08-14T14:22:56Z,Desorbed NA,1,1,1,1,0,458,Blank1_8142021_01.qgd,Blank : RMBL,C:/GCMSsolution/Data/Project1/Campbell RMBL Data/Ipomopsis 2020/Blank1_8142021_01.qgd,5edabd56-3b80-437b-a16a-03e8258d7b41,46308,NA,NA,NA,NA,NA
2021-08-14T07:25:31Z,2021-08-14T15:01:00Z,2021-08-14T15:16:49Z,2021-08-14T15:01:00Z,Desorbed NA,2,2,2,2,0,949,Lupinus_lerb_20_4_8142021_02.qgd,NA,C:/GCMSsolution/Data/Project1/Campbell RMBL Data/Ipomopsis 2020/Lupinus_lerb_20_4_8142021_02.qgd,5edabd56-3b80-437b-a16a-03e8258d7b41,1826,141588233,FALSE,FALSE,FALSE,6
2021-08-14T07:25:31Z,2021-08-14T15:36:16Z,2021-08-14T15:52:07Z,2021-08-14T15:36:16Z,Desorbed NA,3,3,3,3,0,951,Lupinus_npb_20_1_8142021_03.qgd,NA,C:/GCMSsolution/Data/Project1/Campbell RMBL Data/Ipomopsis 2020/Lupinus_npb_20_1_8142021_03.qgd,5edabd56-3b80-437b-a16a-03e8258d7b41,2116,1118317153,FALSE,FALSE,FALSE,5
2021-08-14T07:25:31Z,2021-08-14T16:11:59Z,2021-08-14T16:27:48Z,2021-08-14T16:11:59Z,Desorbed NA,4,4,4,4,0,949,Lupinus_lerb_20_5_8142021_04.qgd,NA,C:/GCMSsolution/Data/Project1/Campbell RMBL Data/Ipomopsis 2020/Lupinus_lerb_20_5_8142021_04.qgd,5edabd56-3b80-437b-a16a-03e8258d7b41,2143,836595576,FALSE,FALSE,FALSE,5
2021-08-14T07:25:31Z,2021-08-14T16:48:01Z,2021-08-14T17:03:49Z,2021-08-14T16:48:01Z,Desorbed NA,5,5,5,5,0,948,Lupinus_brc_20_3_8142021_05.qgd,NA,C:/GCMSsolution/Data/Project1/Campbell RMBL Data/Ipomopsis 2020/Lupinus_brc_20_3_8142021_05.qgd,5edabd56-3b80-437b-a16a-03e8258d7b41,2162,203403596,FALSE,FALSE,FALSE,6
2021-08-14T07:25:31Z,2021-08-14T17:24:19Z,2021-08-14T17:40:07Z,2021-08-14T17:24:19Z,Desorbed NA,6,6,6,6,0,948,Lupinus_brc_20_4_8142021_06.qgd,NA,C:/GCMSsolution/Data/Project1/Campbell RMBL Data/Ipomopsis 2020/Lupinus_brc_20_4_8142021_06.qgd,5edabd56-3b80-437b-a16a-03e8258d7b41,2178,166855402,FALSE,FALSE,FALSE,6
2021-08-14T07:25:31Z,2021-08-14T18:01:15Z,2021-08-14T18:17:04Z,2021-08-14T18:01:15Z,Desorbed NA,7,7,7,7,0,949,Lagg_133_8142021_07.qgd,NA,C:/GCMSsolution/Data/Project1/Campbell RMBL Data/Ipomopsis 2020/Lagg_133_8142021_07.qgd,5edabd56-3b80-437b-a16a-03e8258d7b41,2216,NA,NA,NA,NA,NA
2021-08-14T07:25:31Z,2021-08-14T18:37:39Z,2021-08-14T18:49:08Z,2021-08-14T18:37:39Z,Desorbed NA,8,8,8,8,0,689,Lagg_104_8142021_08.qgd,NA,C:/GCMSsolution/Data/Project1/Campbell RMBL Data/Ipomopsis 2020/Lagg_104_8142021_08.qgd,5edabd56-3b80-437b-a16a-03e8258d7b41,2184,NA,NA,NA,NA,NA
2021-08-14T07:25:31Z,2021-08-14T19:09:50Z,2021-08-14T19:21:17Z,2021-08-14T19:09:50Z,Desorbed NA,9,9,9,9,0,687,Lagg_100_8142021_09.qgd,NA,C:/GCMSsolution/Data/Project1/Campbell RMBL Data/Ipomopsis 2020/Lagg_100_8142021_09.qgd,5edabd56-3b80-437b-a16a-03e8258d7b41,1931,NA,NA,NA,NA,NA
2021-08-14T07:25:31Z,2021-08-14T19:42:06Z,2021-08-14T19:53:38Z,2021-08-14T19:42:06Z,Desorbed NA,10,10,10,10,0,692,Lagg_103_8142021_10.qgd,NA,C:/GCMSsolution/Data/Project1/Campbell RMBL Data/Ipomopsis 2020/Lagg_103_8142021_10.qgd,5edabd56-3b80-437b-a16a-03e8258d7b41,1936,NA,NA,NA,NA,NA
2021-08-14T07:25:31Z,2021-08-14T20:15:51Z,2021-08-14T20:26:24Z,2021-08-14T20:15:51Z,Desorbed NA,11,11,11,11,0,633,Lagg_101_8142021_11.qgd,NA,C:/GCMSsolution/Data/Project1/Campbell RMBL Data/Ipomopsis 2020/Lagg_101_8142021_11.qgd,5edabd56-3b80-437b-a16a-03e8258d7b41,2025,NA,NA,NA,NA,NA
2021-08-14T07:25:31Z,2021-08-14T20:47:44Z,2021-08-14T20:59:01Z,2021-08-14T20:47:44Z,Desorbed NA,12,12,12,12,0,677,Lagg_102_8142021_12.qgd,NA,C:/GCMSsolution/Data/Project1/Campbell RMBL Data/Ipomopsis 2020/Lagg_102_8142021_12.qgd,5edabd56-3b80-437b-a16a-03e8258d7b41,1913,NA,NA,NA,NA,NA
2021-08-14T07:25:31Z,2021-08-14T21:20:53Z,2021-08-14T21:32:22Z,2021-08-14T21:20:53Z,Desorbed NA,13,13,13,13,0,689,Lagg_105_8142021_13.qgd,NA,C:/GCMSsolution/Data/Project1/Campbell RMBL Data/Ipomopsis 2020/Lagg_105_8142021_13.qgd,5edabd56-3b80-437b-a16a-03e8258d7b41,1989,NA,NA,NA,NA,NA
2021-08-14T07:25:31Z,2021-08-14T21:54:36Z,2021-08-14T22:06:05Z,2021-08-14T21:54:36Z,Desorbed NA,14,14,14,14,0,689,Lagg_123_8142021_14.qgd,NA,C:/GCMSsolution/Data/Project1/Campbell RMBL Data/Ipomopsis 2020/Lagg_123_8142021_14.qgd,5edabd56-3b80-437b-a16a-03e8258d7b41,2023,NA,NA,NA,NA,NA
2021-08-14T07:25:31Z,2021-08-14T22:28:50Z,2021-08-14T22:40:16Z,2021-08-14T22:28:50Z,Desorbed NA,15,15,15,15,0,686,Lagg_121_8142021_15.qgd,NA,C:/GCMSsolution/Data/Project1/Campbell RMBL Data/Ipomopsis 2020/Lagg_121_8142021_15.qgd,5edabd56-3b80-437b-a16a-03e8258d7b41,2054,NA,NA,NA,NA,NA
2021-08-14T07:25:31Z,2021-08-14T23:03:07Z,2021-08-14T23:14:37Z,2021-08-14T23:03:07Z,Desorbed NA,16,16,16,16,0,690,Lagg_120_8142021_16.qgd,NA,C:/GCMSsolution/Data/Project1/Campbell RMBL Data/Ipomopsis 2020/Lagg_120_8142021_16.qgd,5edabd56-3b80-437b-a16a-03e8258d7b41,2057,NA,NA,NA,NA,NA
2021-08-14T07:25:31Z,2021-08-14T23:38:06Z,2021-08-14T23:49:35Z,2021-08-14T23:38:06Z,Desorbed NA,17,17,17,17,0,689,Lagg_118_8142021_17.qgd,NA,C:/GCMSsolution/Data/Project1/Campbell RMBL Data/Ipomopsis 2020/Lagg_118_8142021_17.qgd,5edabd56-3b80-437b-a16a-03e8258d7b41,2099,NA,NA,NA,NA,NA
2021-08-14T07:25:31Z,2021-08-15T00:12:43Z,2021-08-15T00:24:00Z,2021-08-15T00:12:43Z,Desorbed NA,18,18,18,18,0,677,Lagg_132_8142021_18.qgd,NA,C:/GCMSsolution/Data/Project1/Campbell RMBL Data/Ipomopsis 2020/Lagg_132_8142021_18.qgd,5edabd56-3b80-437b-a16a-03e8258d7b41,2077,NA,NA,NA,NA,NA
2021-08-14T07:25:31Z,2021-08-15T00:47:39Z,2021-08-15T00:59:11Z,2021-08-15T00:47:39Z,Desorbed NA,19,19,19,19,0,692,Lagg_113_8142021_19.qgd,NA,C:/GCMSsolution/Data/Project1/Campbell RMBL Data/Ipomopsis 2020/Lagg_113_8142021_19.qgd,5edabd56-3b80-437b-a16a-03e8258d7b41,2096,NA,NA,NA,NA,NA
2021-08-14T07:25:31Z,2021-08-15T01:22:30Z,2021-08-15T01:34:01Z,2021-08-15T01:22:30Z,Desorbed NA,20,20,20,20,0,691,SC_155_8142021_20.qgd,NA,C:/GCMSsolution/Data/Project1/Campbell RMBL Data/Ipomopsis 2020/SC_155_8142021_20.qgd,5edabd56-3b80-437b-a16a-03e8258d7b41,2091,NA,NA,NA,NA,NA
2021-08-14T07:25:31Z,2021-08-15T01:57:38Z,2021-08-15T02:08:13Z,2021-08-15T01:57:38Z,Desorbed NA,1,21,21,21,0,635,Blank2_8142021_21.qgd,Blank : RMBL,C:/GCMSsolution/Data/Project1/Campbell RMBL Data/Ipomopsis 2020/Blank2_8142021_21.qgd,5edabd56-3b80-437b-a16a-03e8258d7b41,2108,NA,NA,NA,NA,NA
2021-08-14T07:25:31Z,2021-08-15T02:31:02Z,2021-08-15T02:41:44Z,2021-08-15T02:31:02Z,Desorbed NA,21,22,22,22,0,642,Corydalis_S5_1_210811_8142021_22.qgd,NA,C:/GCMSsolution/Data/Project1/Campbell RMBL Data/Ipomopsis 2020/Corydalis_S5_1_210811_8142021_22.qgd,5edabd56-3b80-437b-a16a-03e8258d7b41,2004,NA,NA,NA,NA,NA
2021-08-14T07:25:31Z,NA,NA,NA,NA NA,22,23,NA,23,NA,NA,NA,NA,NA,5edabd56-3b80-437b-a16a-03e8258d7b41,NA,NA,NA,NA,NA,NA
2021-08-14T07:25:31Z,2021-08-15T03:03:21Z,2021-08-15T03:14:46Z,2021-08-15T03:03:21Z,Desorbed NA,23,24,23,23,1,685,Corydalis_S5_2_210811_8142021_23.qgd,NA,C:/GCMSsolution/Data/Project1/Campbell RMBL Data/Ipomopsis 2020/Corydalis_S5_2_210811_8142021_23.qgd,5edabd56-3b80-437b-a16a-03e8258d7b41,NA,NA,NA,NA,NA,NA
2021-08-14T07:25:31Z,2021-08-15T03:35:51Z,2021-08-15T03:47:21Z,2021-08-15T03:35:51Z,Desorbed NA,24,25,24,24,1,690,Corydalis_S5_3_210811_8142021_24.qgd,NA,C:/GCMSsolution/Data/Project1/Campbell RMBL Data/Ipomopsis 2020/Corydalis_S5_3_210811_8142021_24.qgd,5edabd56-3b80-437b-a16a-03e8258d7b41,1950,NA,NA,NA,NA,NA
2021-08-14T07:25:31Z,2021-08-15T04:08:55Z,2021-08-15T04:20:21Z,2021-08-15T04:08:55Z,Desorbed NA,25,26,25,25,1,686,Corydalis_S4_1_210811_8142021_25.qgd,NA,C:/GCMSsolution/Data/Project1/Campbell RMBL Data/Ipomopsis 2020/Corydalis_S4_1_210811_8142021_25.qgd,5edabd56-3b80-437b-a16a-03e8258d7b41,1984,NA,NA,NA,NA,NA
2021-08-14T07:25:31Z,2021-08-15T04:41:28Z,2021-08-15T04:52:55Z,2021-08-15T04:41:28Z,Desorbed NA,26,27,26,26,1,687,Corydalis_S4_2_210811_8142021_26.qgd,NA,C:/GCMSsolution/Data/Project1/Campbell RMBL Data/Ipomopsis 2020/Corydalis_S4_2_210811_8142021_26.qgd,5edabd56-3b80-437b-a16a-03e8258d7b41,1953,NA,NA,NA,NA,NA
2021-08-14T07:25:31Z,2021-08-15T05:13:40Z,2021-08-15T05:25:08Z,2021-08-15T05:13:40Z,Desorbed NA,27,28,27,27,1,688,Corydalis_S4_3_210811_8142021_27.qgd,NA,C:/GCMSsolution/Data/Project1/Campbell RMBL Data/Ipomopsis 2020/Corydalis_S4_3_210811_8142021_27.qgd,5edabd56-3b80-437b-a16a-03e8258d7b41,1932,NA,NA,NA,NA,NA
2021-08-14T07:25:31Z,2021-08-15T05:45:37Z,2021-08-15T05:57:09Z,2021-08-15T05:45:37Z,Desorbed NA,28,29,28,28,1,692,Corydalis_S3_1_210811_8142021_28.qgd,NA,C:/GCMSsolution/Data/Project1/Campbell RMBL Data/Ipomopsis 2020/Corydalis_S3_1_210811_8142021_28.qgd,5edabd56-3b80-437b-a16a-03e8258d7b41,1917,NA,NA,NA,NA,NA
2021-08-14T07:25:31Z,2021-08-15T06:17:29Z,2021-08-15T06:29:01Z,2021-08-15T06:17:29Z,Desorbed NA,29,30,29,29,1,692,Corydalis_S3_2_210811_8142021_29.qgd,NA,C:/GCMSsolution/Data/Project1/Campbell RMBL Data/Ipomopsis 2020/Corydalis_S3_2_210811_8142021_29.qgd,5edabd56-3b80-437b-a16a-03e8258d7b41,1912,NA,NA,NA,NA,NA
2021-08-14T07:25:31Z,2021-08-15T06:49:14Z,2021-08-15T07:00:45Z,2021-08-15T06:49:14Z,Desorbed NA,30,31,30,30,1,691,Corydalis_S3_3_210811_8142021_30.qgd,NA,C:/GCMSsolution/Data/Project1/Campbell RMBL Data/Ipomopsis 2020/Corydalis_S3_3_210811_8142021_30.qgd,5edabd56-3b80-437b-a16a-03e8258d7b41,1905,NA,NA,NA,NA,NA
2021-08-14T07:25:31Z,2021-08-15T07:21:48Z,2021-08-15T07:32:21Z,2021-08-15T07:21:48Z,Desorbed NA,31,32,31,31,1,633,Corydalis_S2_1_210811_8142021_31.qgd,NA,C:/GCMSsolution/Data/Project1/Campbell RMBL Data/Ipomopsis 2020/Corydalis_S2_1_210811_8142021_31.qgd,5edabd56-3b80-437b-a16a-03e8258d7b41,1954,NA,NA,NA,NA,NA
2021-08-14T07:25:31Z,2021-08-15T07:52:27Z,2021-08-15T08:03:55Z,2021-08-15T07:52:27Z,Desorbed NA,32,33,32,32,1,688,Corydalis_S2_2_210811_8142021_32.qgd,NA,C:/GCMSsolution/Data/Project1/Campbell RMBL Data/Ipomopsis 2020/Corydalis_S2_2_210811_8142021_32.qgd,5edabd56-3b80-437b-a16a-03e8258d7b41,1839,NA,NA,NA,NA,NA
2021-08-14T07:25:31Z,2021-08-15T08:23:54Z,2021-08-15T08:35:25Z,2021-08-15T08:23:54Z,Desorbed NA,33,34,33,33,1,691,Corydalis_S2_3_210811_8142021_33.qgd,NA,C:/GCMSsolution/Data/Project1/Campbell RMBL Data/Ipomopsis 2020/Corydalis_S2_3_210811_8142021_33.qgd,5edabd56-3b80-437b-a16a-03e8258d7b41,1887,NA,NA,NA,NA,NA
2021-08-14T07:25:31Z,2021-08-15T08:55:18Z,2021-08-15T09:06:42Z,2021-08-15T08:55:18Z,Desorbed NA,34,35,34,34,1,684,Corydalis_S1_1_210811_8142021_34.qgd,NA,C:/GCMSsolution/Data/Project1/Campbell RMBL Data/Ipomopsis 2020/Corydalis_S1_1_210811_8142021_34.qgd,5edabd56-3b80-437b-a16a-03e8258d7b41,1884,NA,NA,NA,NA,NA
2021-08-14T07:25:31Z,2021-08-15T09:11:07Z,2021-08-15T09:06:42Z,2021-08-15T09:06:42Z,NA NA,35,36,34,34,2,265,Corydalis_S1_1_210811_8142021_34.qgd,NA,C:/GCMSsolution/Data/Project1/Campbell RMBL Data/Ipomopsis 2020/Corydalis_S1_1_210811_8142021_34.qgd,5edabd56-3b80-437b-a16a-03e8258d7b41,949,NA,NA,NA,NA,NA
NA,NA,2018-08-21T03:23:20Z,2018-08-21T03:23:20Z,NA NA,NA,NA,NA,NA,NA,NA,BellNFlr45Aug18_08202018.qgd,NA,C:/GCMSsolution/Data/Project1/Campbell RMBL Data/Lupinus argenteus/BellNFlr45Aug18_08202018.qgd,NA,NA,31353899,FALSE,TRUE,TRUE,7
NA,NA,2021-08-12T05:06:20Z,2021-08-12T05:06:20Z,NA NA,NA,NA,19,19,NA,NA,Lupinus_npb_20_6_8112021_19.qgd,NA,C:/GCMSsolution/Data/Project1/Campbell RMBL Data/Lupinus argenteus/Lupinus_npb_20_6_8112021_19.qgd,NA,NA,784295020,FALSE,FALSE,FALSE,5
